Country,Year,Status,Life expectancy,Population,Income composition of resources,Schooling,GDP
Afghanistan,2015,Developing,65,33736494,0.479,10.1,10.2818108
Afghanistan,2014,Developing,59.9,327582,0.476,10,10.31169302
Afghanistan,2013,Developing,59.9,31731688,0.47,9.9,10.30419781
Afghanistan,2012,Developing,59.5,3696958,0.463,9.8,10.29901301
Afghanistan,2011,Developing,59.2,2978599,0.454,9.5,10.25054437
Afghanistan,2010,Developing,58.8,2883167,0.448,9.2,10.20021195
Afghanistan,2009,Developing,58.6,284331,0.434,8.9,10.09398705
Afghanistan,2008,Developing,58.1,2729431,0.433,8.7,10.00472096
Afghanistan,2007,Developing,57.5,26616792,0.415,8.4,9.98891045
Afghanistan,2006,Developing,57.3,2589345,0.405,8.1,9.843342321
Afghanistan,2005,Developing,57.3,257798,0.396,7.9,9.792619742
Afghanistan,2004,Developing,57,24118979,0.381,6.8,9.71807771
Afghanistan,2003,Developing,56.7,2364851,0.373,6.5,9.655229398
Afghanistan,2002,Developing,56.2,21979923,0.341,6.2,9.582711074
Afghanistan,2001,Developing,55.3,2966463,0.34,5.9,9.449257995
Afghanistan,2000,Developing,54.8,293756,0.338,5.5,9.546717587
Albania,2015,Developing,77.8,28873,0.762,14.2,10.05956992
Albania,2014,Developing,77.5,288914,0.761,14.2,10.12373154
Albania,2013,Developing,77.2,289592,0.759,14.2,10.10710769
Albania,2012,Developing,76.9,2941,0.752,14.2,10.08801198
Albania,2011,Developing,76.6,295195,0.738,13.3,10.11306572
Albania,2010,Developing,76.2,291321,0.725,12.5,10.0823022
Albania,2009,Developing,76.1,2927519,0.721,12.2,10.09115819
Albania,2008,Developing,75.3,2947314,0.713,12,10.1224946
Albania,2007,Developing,75.9,29717,0.703,11.6,10.04598518
Albania,2006,Developing,74.2,2992547,0.696,11.4,9.961446161
Albania,2005,Developing,73.5,311487,0.685,10.8,9.916804309
Albania,2004,Developing,73,326939,0.681,10.9,9.869621576
Albania,2003,Developing,72.8,339616,0.674,10.7,9.763556169
Albania,2002,Developing,73.3,3511,0.67,10.7,9.654658054
Albania,2001,Developing,73.6,36173,0.662,10.6,9.608425903
Albania,2000,Developing,72.6,38927,0.656,10.7,9.554437086
Algeria,2015,Developing,75.6,39871528,0.743,14.4,11.27298704
Algeria,2014,Developing,75.4,39113313,0.741,14.4,11.3782937
Algeria,2013,Developing,75.3,38338562,0.737,14.4,11.3611637
Algeria,2012,Developing,75.1,37565847,0.732,14.4,11.35630078
Algeria,2011,Developing,74.9,36819558,0.724,14,11.33911729
Algeria,2010,Developing,74.7,36117637,0.714,13.6,11.24989525
Algeria,2009,Developing,74.4,3546576,0.705,13.1,11.17700894
Algeria,2008,Developing,74.1,3486715,0.697,12.6,11.25619765
Algeria,2007,Developing,73.8,34376,0.69,12.3,11.15376226
Algeria,2006,Developing,73.4,33777915,0.686,12.3,11.09020251
Algeria,2005,Developing,72.9,33288437,0.68,12,11.02957295
Algeria,2004,Developing,72.3,3283196,0.673,11.7,10.96338016
Algeria,2003,Developing,71.7,3243514,0.663,11.5,10.86618253
Algeria,2002,Developing,71.6,3199546,0.653,11.1,10.78898882
Algeria,2001,Developing,71.4,31592153,0.644,10.9,10.77388441
Algeria,2000,Developing,71.3,3118366,0.636,10.7,10.73870446
Angola,2015,Developing,52.4,2785935,0.531,11.4,11.01090631
Angola,2014,Developing,51.7,2692466,0.527,11.4,11.1859665
Angola,2013,Developing,51.1,2599834,0.523,11.4,11.17273484
Angola,2012,Developing,56,259615,0.508,10.3,11.1570725
Angola,2011,Developing,51,24218565,0.495,9.4,11.09882237
Angola,2010,Developing,49.6,23369131,0.488,9,10.98021669
Angola,2009,Developing,49.1,22549547,0.48,8.5,10.91224957
Angola,2008,Developing,48.7,2175942,0.468,8.1,10.99471489
Angola,2007,Developing,48.2,2997687,0.454,7.7,10.86354781
Angola,2006,Developing,47.7,2262399,0.439,7.2,10.76829512
Angola,2005,Developing,47.4,19552542,0.426,6.8,10.61696505
Angola,2004,Developing,47.1,18865716,0.415,6.4,10.43133124
Angola,2003,Developing,46.8,1823369,0.406,5.9,10.30839639
Angola,2002,Developing,46.5,17572649,0.401,5.5,10.23833501
Angola,2001,Developing,45.7,16983266,0.391,5.1,9.951147005
Angola,2000,Developing,45.3,1644924,0.382,4.6,9.960451511
Antigua and Barbuda,2015,Developing,76.4,,0.784,13.9,9.157603378
Antigua and Barbuda,2014,Developing,76.2,,0.782,13.9,9.139472109
Antigua and Barbuda,2013,Developing,76.1,,0.781,13.9,9.122378519
Antigua and Barbuda,2012,Developing,75.9,,0.778,13.8,9.135046621
Antigua and Barbuda,2011,Developing,75.7,,0.782,14.1,9.109699761
Antigua and Barbuda,2010,Developing,75.6,,0.783,14.1,9.113391163
Antigua and Barbuda,2009,Developing,75.4,,0.788,14.2,9.141925674
Antigua and Barbuda,2008,Developing,75.2,,0.786,14.4,9.192467298
Antigua and Barbuda,2007,Developing,75,,0.781,14.5,9.17242237
Antigua and Barbuda,2006,Developing,74.8,,0.773,14.7,9.115169029
Antigua and Barbuda,2005,Developing,74.6,,0,0,9.058386654
Antigua and Barbuda,2004,Developing,74.4,,0,0,9.011286867
Antigua and Barbuda,2003,Developing,74.2,,0,0,8.976854147
Antigua and Barbuda,2002,Developing,74,,0,0,8.953321114
Antigua and Barbuda,2001,Developing,73.8,,0,0,8.943382749
Antigua and Barbuda,2000,Developing,73.6,,0,0,8.954726576
Argentina,2015,Developing,76.3,43417765,0.826,17.3,11.77433393
Argentina,2014,Developing,76.2,42981515,0.825,17.3,11.7212496
Argentina,2013,Developing,76,42539925,0.823,17.3,11.74195886
Argentina,2012,Developing,75.9,4296739,0.822,17.2,11.73717862
Argentina,2011,Developing,75.7,41656879,0.816,17.1,11.72440542
Argentina,2010,Developing,75.5,41223889,0.802,16.8,11.62698406
Argentina,2009,Developing,75.6,479947,0.794,16.5,11.52241356
Argentina,2008,Developing,75.4,4382389,0.792,16.3,11.55817802
Argentina,2007,Developing,74.8,3997224,0.788,16.3,11.45868393
Argentina,2006,Developing,75.2,3955889,0.782,16.1,11.3665299
Argentina,2005,Developing,74.9,39145488,0.78,16.3,11.29827894
Argentina,2004,Developing,74.7,38728696,0.775,16.3,11.21658265
Argentina,2003,Developing,74.1,3839379,0.77,16.4,11.10580634
Argentina,2002,Developing,74.1,3788937,0.776,16.3,10.99000125
Argentina,2001,Developing,74,3747159,0.771,15.6,11.42926241
Argentina,2000,Developing,74.1,3757452,0.764,15,11.4536298
Armenia,2015,Developing,74.8,291695,0.741,12.7,10.02338983
Armenia,2014,Developing,74.6,29622,0.739,12.7,10.06481401
Armenia,2013,Developing,74.4,289359,0.736,12.7,10.04616198
Armenia,2012,Developing,74.4,2881922,0.732,12.7,10.02609674
Armenia,2011,Developing,73.9,2875581,0.729,12.7,10.00612839
Armenia,2010,Developing,73.5,2877311,0.72,12.3,9.966624388
Armenia,2009,Developing,73.3,2888584,0.725,11.9,9.936912521
Armenia,2008,Developing,73.2,29822,0.721,12.3,10.06677455
Armenia,2007,Developing,73.5,293356,0.707,11.7,9.964085183
Armenia,2006,Developing,72.9,29585,0.692,11.2,9.805123631
Armenia,2005,Developing,73,2981259,0.679,10.9,9.690237692
Armenia,2004,Developing,73,3612,0.668,10.9,9.553472223
Armenia,2003,Developing,72.7,31786,0.657,10.8,9.448251852
Armenia,2002,Developing,72.6,333897,0.645,10.8,9.375907673
Armenia,2001,Developing,72.6,35655,0.644,11.1,9.32602189
Armenia,2000,Developing,72,369588,0.639,11.2,9.281388768
Australia,2015,Developed,82.8,23789338,0.937,20.4,12.1325177
Australia,2014,Developed,82.7,2346694,0.936,20.4,12.16869691
Australia,2013,Developed,82.5,23117353,0.933,20.3,12.19968319
Australia,2012,Developed,82.3,22728254,0.93,20.1,12.1910955
Australia,2011,Developed,82,223424,0.927,19.8,12.14703906
Australia,2010,Developed,81.9,223175,0.927,19.5,12.06166604
Australia,2009,Developed,81.7,216917,0.925,19.1,11.96930485
Australia,2008,Developed,81.3,212492,0.921,19.1,12.02466963
Australia,2007,Developed,81.3,28276,0.918,19,11.93277989
Australia,2006,Developed,81.2,26979,0.915,20.3,11.87489236
Australia,2005,Developed,81,23948,0.91,20.3,11.8431153
Australia,2004,Developed,86,21274,0.908,20.7,11.78932898
Australia,2003,Developed,83,198954,0.905,20.6,11.67072552
Australia,2002,Developed,79.9,196514,0.902,20.1,11.59817415
Australia,2001,Developed,79.9,19413,0.899,20.5,11.58019509
Australia,2000,Developed,79.5,19153,0.897,20.4,11.62003394
Austria,2015,Developed,81.5,8633169,0.892,15.9,11.57926453
Austria,2014,Developed,81.4,8541575,0.892,15.9,11.64202508
Austria,2013,Developed,81.1,8479375,0.887,15.7,11.630001
Austria,2012,Developed,88,8429991,0.884,15.7,11.60932808
Austria,2011,Developed,88,8391643,0.88,15.7,11.63241147
Austria,2010,Developed,84,836344,0.872,15.4,11.59087279
Austria,2009,Developed,82,8343323,0.87,15.3,11.60128856
Austria,2008,Developed,84,8321496,0.864,15.1,11.63269452
Austria,2007,Developed,81,8295487,0.86,15.2,11.58744175
Austria,2006,Developed,79.8,8268641,0.854,15,11.5236242
Austria,2005,Developed,79.4,8227829,0.848,14.9,11.49686369
Austria,2004,Developed,79.3,8171966,0.841,14.7,11.4759767
Austria,2003,Developed,78.8,8121423,0.837,14.7,11.41627401
Austria,2002,Developed,78.7,881957,0.847,16.1,11.32804759
Austria,2001,Developed,78.6,842293,0.837,15.5,11.29331218
Austria,2000,Developed,78.1,811566,0.833,15.4,11.29265827
Azerbaijan,2015,Developing,72.7,9649341,0.758,12.7,10.72490011
Azerbaijan,2014,Developing,72.5,953579,0.752,12.2,10.87644755
Azerbaijan,2013,Developing,72.2,941681,0.745,11.9,10.870173
Azerbaijan,2012,Developing,71.9,9295784,0.742,11.8,10.8431078
Azerbaijan,2011,Developing,71.6,917382,0.741,11.7,10.81923321
Azerbaijan,2010,Developing,71.1,954332,0.737,11.7,10.72353197
Azerbaijan,2009,Developing,78,8947243,0.728,11.6,10.64632948
Azerbaijan,2008,Developing,73,87634,0.719,11.6,10.68887607
Azerbaijan,2007,Developing,73,85813,0.708,11.6,10.51916383
Azerbaijan,2006,Developing,69.2,848455,0.682,10.7,10.32184542
Azerbaijan,2005,Developing,68.4,839185,0.675,11.2,10.1220658
Azerbaijan,2004,Developing,68.4,8365,0.668,11,9.938540026
Azerbaijan,2003,Developing,67.8,82341,0.659,10.8,9.861917346
Azerbaijan,2002,Developing,67.8,817195,0.651,10.6,9.794912217
Azerbaijan,2001,Developing,67.5,81112,0.642,10.4,9.756454762
Azerbaijan,2000,Developing,66.6,8486,0.636,10.1,9.72202612
Bahamas,2015,Developing,76.1,,0.79,12.6,10.07326366
Bahamas,2014,Developing,75.4,,0.789,12.6,10.0468501
Bahamas,2013,Developing,74.8,,0.79,12.6,10.02016647
Bahamas,2012,Developing,74.9,,0.789,12.6,10.03021099
Bahamas,2011,Developing,75,,0.788,12.6,10.00304888
Bahamas,2010,Developing,75,,0.788,12.6,10.00413902
Bahamas,2009,Developing,74.6,,0.791,12.6,9.999215825
Bahamas,2008,Developing,74.5,,0.791,12.6,10.02226337
Bahamas,2007,Developing,74.4,,0.79,12.5,10.02605663
Bahamas,2006,Developing,74.2,,0.788,12.4,10.0072035
Bahamas,2005,Developing,74.1,,0.786,12.4,9.992827351
Bahamas,2004,Developing,73.8,,0.784,12.3,9.956902363
Bahamas,2003,Developing,73.2,,0.783,12.2,9.947928026
Bahamas,2002,Developing,73.1,,0.781,12.1,9.948469694
Bahamas,2001,Developing,72.9,,0.779,12.1,9.92001004
Bahamas,2000,Developing,72.6,,0,12,9.907221584
Bahrain,2015,Developing,76.9,,0.823,14.5,10.51219458
Bahrain,2014,Developing,76.8,,0.82,14.5,10.54123625
Bahrain,2013,Developing,76.7,,0.815,14.5,10.52921629
Bahrain,2012,Developing,76.5,,0.812,14.5,10.50465303
Bahrain,2011,Developing,76.1,,0.812,14.4,10.47588437
Bahrain,2010,Developing,76.1,,0.81,14.4,10.42823175
Bahrain,2009,Developing,76,,0.814,14.4,10.36055968
Bahrain,2008,Developing,75.8,,0.815,14.4,10.41011735
Bahrain,2007,Developing,75.6,,0.813,14.4,10.33705973
Bahrain,2006,Developing,75.5,,0.81,14.2,10.26728347
Bahrain,2005,Developing,75.3,,0.806,14,10.2032702
Bahrain,2004,Developing,75.2,,0.803,13.9,10.11893102
Bahrain,2003,Developing,75,,0.798,13.7,10.04433643
Bahrain,2002,Developing,74.9,,0.796,13.5,9.981977561
Bahrain,2001,Developing,74.7,,0.794,13.3,9.953092366
Bahrain,2000,Developing,74.5,,0.786,13.2,9.957267137
Bangladesh,2015,Developing,71.8,1612886,0.575,10.2,11.29036101
Bangladesh,2014,Developing,71.4,15945279,0.57,10,11.23776136
Bangladesh,2013,Developing,71,157571292,0.565,10,11.17608824
Bangladesh,2012,Developing,77,15572753,0.557,9.9,11.12486516
Bangladesh,2011,Developing,73,153911916,0.545,9.4,11.10926624
Bangladesh,2010,Developing,69.9,15214912,0.535,8.9,11.06173717
Bangladesh,2009,Developing,69.5,1545478,0.523,8.4,11.0106186
Bangladesh,2008,Developing,69.1,14885814,0.52,8.6,10.96207085
Bangladesh,2007,Developing,68.6,147139191,0.513,8.6,10.9009766
Bangladesh,2006,Developing,68.2,1453684,0.506,8.4,10.85609865
Bangladesh,2005,Developing,67.8,14343111,0.499,8.2,10.84183481
Bangladesh,2004,Developing,67.3,14137489,0.491,8.1,10.81363799
Bangladesh,2003,Developing,66.8,139191,0.484,7.9,10.7793001
Bangladesh,2002,Developing,66.3,1366667,0.476,7.7,10.73817848
Bangladesh,2001,Developing,65.8,1341716,0.468,7.5,10.7323237
Bangladesh,2000,Developing,65.3,131581243,0.459,7.3,10.72729547
Barbados,2015,Developing,75.5,,0.794,15.3,9.755733878
Barbados,2014,Developing,75.4,,0.793,15.3,9.749782679
Barbados,2013,Developing,75.2,,0.792,15.3,9.75336854
Barbados,2012,Developing,75.1,,0.785,15.3,9.760531797
Barbados,2011,Developing,74.9,,0.78,15.5,9.753054231
Barbados,2010,Developing,74.7,,0.781,15.8,9.753805128
Barbados,2009,Developing,74.6,,0.779,15.5,9.649997441
Barbados,2008,Developing,74.4,,0.775,15.3,9.680372722
Barbados,2007,Developing,74.2,,0.771,15,9.66985295
Barbados,2006,Developing,74.1,,0.766,14.8,9.625036906
Barbados,2005,Developing,73.9,,0.761,14.6,9.582006514
Barbados,2004,Developing,73.8,,0.757,14.4,9.537126189
Barbados,2003,Developing,73.7,,0.753,14.2,9.50643738
Barbados,2002,Developing,73.5,,0.749,14,9.492271358
Barbados,2001,Developing,73.4,,0.75,14,9.484940129
Barbados,2000,Developing,73.3,,0.741,14,9.485650458
Belarus,2015,Developing,72.3,9489616,0.798,15.6,10.75170064
Belarus,2014,Developing,72,9474511,0.796,15.7,10.89659824
Belarus,2013,Developing,71.7,9465997,0.796,15.7,10.87810545
Belarus,2012,Developing,71.9,9464495,0.793,15.6,10.81747209
Belarus,2011,Developing,72,9473172,0.787,15.5,10.79072404
Belarus,2010,Developing,73,949583,0.78,15.5,10.7576382
Belarus,2009,Developing,70,956765,0.771,15.4,10.70648878
Belarus,2008,Developing,70,9527985,0.755,15.1,10.78356134
Belarus,2007,Developing,69.8,956953,0.739,14.9,10.65586529
Belarus,2006,Developing,68.9,964924,0.723,14.6,10.56775422
Belarus,2005,Developing,68.1,9663915,0.713,14.4,10.48015205
Belarus,2004,Developing,68.2,973146,0.703,14.1,10.36439275
Belarus,2003,Developing,67.7,9796749,0.695,13.9,10.25104037
Belarus,2002,Developing,67.2,9865548,0.687,13.6,10.16420115
Belarus,2001,Developing,67.7,9928549,0.681,13.3,10.09183643
Belarus,2000,Developing,68,997961,0.675,13.1,10.10506227
Belgium,2015,Developed,81.1,11274196,0.895,16.6,11.6637431
Belgium,2014,Developed,89,112957,0.89,16.3,11.73077212
Belgium,2013,Developed,87,11182817,0.889,16.3,11.7194117
Belgium,2012,Developed,83,11128246,0.886,16.2,11.69759055
Belgium,2011,Developed,83,1147744,0.884,16.1,11.72197264
Belgium,2010,Developed,80,1895586,0.878,15.9,11.68264725
Belgium,2009,Developed,79.8,1796493,0.876,15.8,11.68575475
Belgium,2008,Developed,79.5,179973,0.874,15.8,11.71376606
Belgium,2007,Developed,79.5,16257,0.871,15.8,11.67294912
Belgium,2006,Developed,79.4,1547958,0.865,15.7,11.61093666
Belgium,2005,Developed,78.9,1478617,0.861,15.7,11.58626626
Belgium,2004,Developed,78.8,1421137,0.88,18.8,11.567279
Belgium,2003,Developed,78.3,1376133,0.878,18.6,11.50253982
Belgium,2002,Developed,78,1332785,0.875,18.8,11.41226494
Belgium,2001,Developed,78,128657,0.873,18.2,11.37428291
Belgium,2000,Developed,77.6,125125,0.869,18,11.37436787
Belize,2015,Developing,71,359288,0.706,12.8,9.341057474
Belize,2014,Developing,70,351694,0.705,12.8,9.330056896
Belize,2013,Developing,69.8,344181,0.706,12.9,9.308605269
Belize,2012,Developing,69.4,33671,0.702,12.5,9.282641029
Belize,2011,Developing,69.4,329192,0.7,12.4,9.26282511
Belize,2010,Developing,69.5,32168,0.7,12.4,9.242786929
Belize,2009,Developing,69.5,313929,0.7,12.7,9.227375723
Belize,2008,Developing,69.6,36165,0.699,12.8,9.240163104
Belize,2007,Developing,69.6,29847,0.7,12.8,9.232027507
Belize,2006,Developing,69.4,29747,0.692,12.3,9.201523598
Belize,2005,Developing,69,283277,0.695,12.8,9.168585394
Belize,2004,Developing,68.7,27689,0.691,12.5,9.146190694
Belize,2003,Developing,68.4,26913,0.684,12.2,9.116700785
Belize,2002,Developing,68.5,26226,0.678,11.9,9.094789675
Belize,2001,Developing,68.2,254984,0.677,11.8,9.068944342
Belize,2000,Developing,68.3,247315,0.668,11.7,9.056194962
Benin,2015,Developing,60,1575952,0.481,10.7,10.0564536
Benin,2014,Developing,59.7,1286712,0.475,10.7,10.12334612
Benin,2013,Developing,59.5,14451,0.466,10.3,10.09752957
Benin,2012,Developing,59.3,972916,0.458,10,10.04693813
Benin,2011,Developing,59.1,94682,0.454,9.8,10.02911262
Benin,2010,Developing,58.7,9199259,0.451,9.5,9.979336412
Benin,2009,Developing,58.4,894476,0.448,9.3,9.988497711
Benin,2008,Developing,57.6,8696916,0.444,9.1,9.990682181
Benin,2007,Developing,57.1,8454791,0.438,8.9,9.912171468
Benin,2006,Developing,56.8,8216896,0.434,8.7,9.847209237
Benin,2005,Developing,56.5,7982225,0.43,8.5,9.817410328
Benin,2004,Developing,56.1,7754,0.423,8.1,9.791709619
Benin,2003,Developing,55.8,752555,0.416,7.7,9.728293553
Benin,2002,Developing,55.6,7295394,0.407,7.3,9.62266391
Benin,2001,Developing,55.5,776733,0.395,6.6,9.564218834
Benin,2000,Developing,55.4,6865951,0.389,6.4,9.546541607
Bhutan,2015,Developing,69.8,787386,0.604,12.5,9.340010755
Bhutan,2014,Developing,69.4,776448,0.596,12.5,9.319954982
Bhutan,2013,Developing,69.1,764961,0.589,12.6,9.288628554
Bhutan,2012,Developing,68.7,752967,0.581,12.3,9.295212313
Bhutan,2011,Developing,68.3,7451,0.572,11.9,9.296166707
Bhutan,2010,Developing,67.9,727641,0,11.4,9.232711753
Bhutan,2009,Developing,67.4,714458,0,10.9,9.124290219
Bhutan,2008,Developing,67,795,0,10.5,9.119756503
Bhutan,2007,Developing,66.5,686958,0,10.1,9.0989094
Bhutan,2006,Developing,65.8,672228,0,9.6,8.974456368
Bhutan,2005,Developing,65,656639,0,9.2,8.934695859
Bhutan,2004,Developing,64.2,64282,0,8.8,8.866493205
Bhutan,2003,Developing,63.3,623434,0,8.4,8.814204584
Bhutan,2002,Developing,62.5,66399,0,8,8.747679965
Bhutan,2001,Developing,61.7,5896,0,7.6,8.695578179
Bhutan,2000,Developing,62,573416,0,7.3,8.663449714
Bolivia (Plurinational State of),2015,Developing,77,,0.671,13.8,10.51851655
Bolivia (Plurinational State of),2014,Developing,74,,0.666,13.8,10.51846377
Bolivia (Plurinational State of),2013,Developing,71,,0.661,13.8,10.48656279
Bolivia (Plurinational State of),2012,Developing,69.8,,0.655,13.8,10.43272078
Bolivia (Plurinational State of),2011,Developing,69.3,,0.649,13.8,10.37954417
Bolivia (Plurinational State of),2010,Developing,68.7,,0.643,13.8,10.29335645
Bolivia (Plurinational State of),2009,Developing,68,,0.636,13.8,10.2390489
Bolivia (Plurinational State of),2008,Developing,67.4,,0.632,14,10.22204699
Bolivia (Plurinational State of),2007,Developing,66.8,,0.626,14.1,10.11793741
Bolivia (Plurinational State of),2006,Developing,66.2,,0.625,14.3,10.05887546
Bolivia (Plurinational State of),2005,Developing,65.7,,0.622,14.4,9.979963483
Bolivia (Plurinational State of),2004,Developing,65.1,,0.62,14.6,9.943170492
Bolivia (Plurinational State of),2003,Developing,64.5,,0.617,14.4,9.907540321
Bolivia (Plurinational State of),2002,Developing,63.9,,0.61,14,9.897928527
Bolivia (Plurinational State of),2001,Developing,63.3,,0.607,13.7,9.91070533
Bolivia (Plurinational State of),2000,Developing,62.6,,0.6,13.3,9.924168397
Bosnia and Herzegovina,2015,Developing,77.4,3535961,0.747,14.2,10.21495898
Bosnia and Herzegovina,2014,Developing,77.2,35662,0.742,14.2,10.26854835
Bosnia and Herzegovina,2013,Developing,77,364999,0.735,14.2,10.2595726
Bosnia and Herzegovina,2012,Developing,76.8,36482,0.728,13.9,10.236203
Bosnia and Herzegovina,2011,Developing,76.9,3688865,0.711,13.4,10.27054453
Bosnia and Herzegovina,2010,Developing,76.4,372284,0.717,13.3,10.23493002
Bosnia and Herzegovina,2009,Developing,76.1,3746561,0.716,13.3,10.24585674
Bosnia and Herzegovina,2008,Developing,76,3763599,0.71,13.1,10.28132424
Bosnia and Herzegovina,2007,Developing,75.4,3774,0.703,12.9,10.19807216
Bosnia and Herzegovina,2006,Developing,75.7,3779468,0.697,12.7,10.10940445
Bosnia and Herzegovina,2005,Developing,75,378153,0,12.5,10.05010108
Bosnia and Herzegovina,2004,Developing,75.5,3781287,0,12.3,10.00674584
Bosnia and Herzegovina,2003,Developing,75.2,3779247,0,12.1,9.929362431
Bosnia and Herzegovina,2002,Developing,75.4,377587,0,11.9,9.827900247
Bosnia and Herzegovina,2001,Developing,74.9,3771284,0,11.6,9.763474069
Bosnia and Herzegovina,2000,Developing,74.6,376676,0,0,9.745681503
Botswana,2015,Developing,65.7,229197,0.698,12.6,10.13132183
Botswana,2014,Developing,65.1,2168573,0.697,12.6,10.1894928
Botswana,2013,Developing,64.2,212857,0.693,12.6,10.15447689
Botswana,2012,Developing,63.4,289315,0.687,12.5,10.14324796
Botswana,2011,Developing,62.2,251339,0.678,12.4,10.17928296
Botswana,2010,Developing,61.1,214866,0.669,12.3,10.10165338
Botswana,2009,Developing,59.2,1979882,0.661,12.2,10.00511439
Botswana,2008,Developing,57.5,1946351,0.646,12.1,10.03063328
Botswana,2007,Developing,56.9,1914414,0.63,12.1,10.02396283
Botswana,2006,Developing,54.8,1884238,0.61,11.9,9.996474829
Botswana,2005,Developing,51.7,1855852,0.593,11.9,9.996463823
Botswana,2004,Developing,48.1,182933,0.58,11.8,9.952185251
Botswana,2003,Developing,46.4,184339,0.567,11.8,9.875731423
Botswana,2002,Developing,46,1779953,0.558,11.9,9.735508198
Botswana,2001,Developing,46.7,1754935,0.56,11.8,9.739541357
Botswana,2000,Developing,47.8,172834,0.559,11.7,9.762553254
Brazil,2015,Developing,75,2596218,0.754,15.2,12.25580588
Brazil,2014,Developing,74.8,24213133,0.747,15.2,12.3902361
Brazil,2013,Developing,74.7,2248632,0.734,14.2,12.39319239
Brazil,2012,Developing,74.5,256983,0.73,14.2,12.39185714
Brazil,2011,Developing,74.1,198686688,0.724,14,12.41766374
Brazil,2010,Developing,73.8,196796269,0.716,13.8,12.34416389
Brazil,2009,Developing,73.6,194895996,0.714,13.8,12.22193463
Brazil,2008,Developing,73.4,19297929,0.704,13.3,12.22938882
Brazil,2007,Developing,73.3,19126637,0.7,13.5,12.14523192
Brazil,2006,Developing,73,18912412,0.698,13.8,12.04439342
Brazil,2005,Developing,72.7,186917361,0.694,13.8,11.95018654
Brazil,2004,Developing,72,184738458,0.695,14,11.8256139
Brazil,2003,Developing,71.8,182482149,0.699,14.8,11.74681607
Brazil,2002,Developing,71.4,1815121,0.692,14.6,11.7073958
Brazil,2001,Developing,71,1777567,0.685,14.3,11.74817539
Brazil,2000,Developing,75,175287587,0.677,14.1,11.81653837
Brunei Darussalam,2015,Developing,77.7,,0.864,14.9,10.1116085
Brunei Darussalam,2014,Developing,77.6,,0.863,15,10.23294017
Brunei Darussalam,2013,Developing,77.1,,0.86,14.9,10.25753814
Brunei Darussalam,2012,Developing,78.3,,0.852,14.4,10.27985949
Brunei Darussalam,2011,Developing,77.4,,0.846,14.1,10.26775332
Brunei Darussalam,2010,Developing,76.9,,0.845,14.2,10.13694625
Brunei Darussalam,2009,Developing,76.8,,0.841,14.1,10.07601766
Brunei Darussalam,2008,Developing,77.2,,0.84,14.2,10.20211916
Brunei Darussalam,2007,Developing,76,,0.84,14.3,10.12814164
Brunei Darussalam,2006,Developing,76.3,,0.837,14.3,10.10190566
Brunei Darussalam,2005,Developing,76.2,,0.834,14.1,10.02313729
Brunei Darussalam,2004,Developing,76.4,,0.828,13.7,9.935465889
Brunei Darussalam,2003,Developing,76,,0.823,13.4,9.855381351
Brunei Darussalam,2002,Developing,74.8,,0.82,13.3,9.801615171
Brunei Darussalam,2001,Developing,74.7,,0.819,13.4,9.785056055
Brunei Darussalam,2000,Developing,74.4,,0.818,13.4,9.817631407
Bulgaria,2015,Developed,74.5,7177991,0.792,15,10.70557225
Bulgaria,2014,Developed,74.3,7223938,0.787,14.8,10.75649079
Bulgaria,2013,Developed,74.1,7265115,0.781,14.4,10.74678409
Bulgaria,2012,Developed,73.9,735888,0.778,14.3,10.73477625
Bulgaria,2011,Developed,73.7,7348328,0.775,14.2,10.76103499
Bulgaria,2010,Developed,73.4,7395599,0.77,13.9,10.70491416
Bulgaria,2009,Developed,73.2,7444443,0.768,13.8,10.71620208
Bulgaria,2008,Developed,72.9,7492561,0.761,13.8,10.73624255
Bulgaria,2007,Developed,72.6,7545338,0.755,13.5,10.6476886
Bulgaria,2006,Developed,72.2,76122,0.75,13.5,10.53631265
Bulgaria,2005,Developed,72.1,7658972,0.745,13.5,10.47521571
Bulgaria,2004,Developed,72.2,771686,0.738,13.3,10.41760027
Bulgaria,2003,Developed,72,7775327,0.729,12.9,10.32520683
Bulgaria,2002,Developed,71.8,7837161,0.723,12.9,10.21492445
Bulgaria,2001,Developed,71.6,89142,0.713,12.9,10.15178176
Bulgaria,2000,Developed,71.1,817172,0.709,12.9,10.12208443
Burkina Faso,2015,Developing,59.9,1811624,0.399,7.7,10.07306401
Burkina Faso,2014,Developing,59.3,17585977,0.398,7.7,10.14435673
Burkina Faso,2013,Developing,59,1772723,0.392,7.5,10.12853821
Burkina Faso,2012,Developing,58.6,16571216,0.384,7.2,10.09902474
Burkina Faso,2011,Developing,58.1,168194,0.377,6.7,10.08207758
Burkina Faso,2010,Developing,57.5,1565217,0.365,6.3,10.00473482
Burkina Faso,2009,Developing,56.9,1514199,0.356,5.9,9.975463834
Burkina Faso,2008,Developing,56.1,14689726,0.345,5.4,9.975497774
Burkina Faso,2007,Developing,55.3,1425221,0.334,4.9,9.882281016
Burkina Faso,2006,Developing,54.3,13829177,0.325,4.7,9.816070189
Burkina Faso,2005,Developing,53.3,1342193,0,4.3,9.788617511
Burkina Faso,2004,Developing,52.4,133569,0,3.9,9.736531036
Burkina Faso,2003,Developing,51.6,12654621,0,3.8,9.675848716
Burkina Faso,2002,Developing,51,122931,0,3.6,9.558990418
Burkina Faso,2001,Developing,56,11944587,0,3.5,9.5038412
Burkina Faso,2000,Developing,51,1167942,0,3.4,9.472518047
Burundi,2015,Developing,59.6,119927,0.406,10.6,9.448788675
Burundi,2014,Developing,59.1,989179,0.404,10.6,9.43229997
Burundi,2013,Developing,58.6,96186,0.398,10.5,9.389453977
Burundi,2012,Developing,58,931971,0.393,10.3,9.366871471
Burundi,2011,Developing,57.4,94358,0.385,9.9,9.349435454
Burundi,2010,Developing,56.8,876693,0.361,9.3,9.307952597
Burundi,2009,Developing,56.2,848931,0.336,8.6,9.249319462
Burundi,2008,Developing,55.3,8212264,0.319,7.9,9.207320813
Burundi,2007,Developing,54.8,7939573,0.309,7.2,9.132323544
Burundi,2006,Developing,54.1,7675338,0.29,5.9,9.104956346
Burundi,2005,Developing,53.4,7423289,0.286,5.6,9.048097137
Burundi,2004,Developing,52.6,7182451,0.279,5.2,8.961543213
Burundi,2003,Developing,51.9,6953113,0.276,4.7,8.894678427
Burundi,2002,Developing,51.5,6741569,0.268,4.4,8.916661581
Burundi,2001,Developing,51.3,6555829,0.268,4.5,8.942897927
Burundi,2000,Developing,58,6476,0.268,4.5,8.939761824
Côte d'Ivoire,2015,Developing,53.3,,,,10.66100774
Côte d'Ivoire,2014,Developing,52.8,,,,10.68880238
Côte d'Ivoire,2013,Developing,52.3,,,,10.63104009
Côte d'Ivoire,2012,Developing,52,,,,10.55993418
Côte d'Ivoire,2011,Developing,51.7,,,,10.56459163
Côte d'Ivoire,2010,Developing,51.5,,,,10.54327701
Côte d'Ivoire,2009,Developing,51,,,,10.53003073
Côte d'Ivoire,2008,Developing,54,,,,10.53247716
Côte d'Ivoire,2007,Developing,49.9,,,,10.45879026
Côte d'Ivoire,2006,Developing,49.4,,,,10.40280135
Côte d'Ivoire,2005,Developing,48.7,,,,10.38087879
Côte d'Ivoire,2004,Developing,48.2,,,,10.37126326
Côte d'Ivoire,2003,Developing,48,,,,10.32739479
Côte d'Ivoire,2002,Developing,47.7,,,,10.25658266
Côte d'Ivoire,2001,Developing,47.8,,,,10.22558159
Côte d'Ivoire,2000,Developing,47.9,,,,10.21951992
Cabo Verde,2015,Developing,73.3,532913,0.646,13.5,9.243002713
Cabo Verde,2014,Developing,73,526437,0.643,13.5,9.310040877
Cabo Verde,2013,Developing,72.8,5216,0.643,13.6,9.307262979
Cabo Verde,2012,Developing,72.7,513979,0.636,13.2,9.281733406
Cabo Verde,2011,Developing,72.6,5867,0.632,13.1,9.311079225
Cabo Verde,2010,Developing,72.5,52384,0.627,12.7,9.261203722
Cabo Verde,2009,Developing,72.4,496963,0.621,12.4,9.267719433
Cabo Verde,2008,Developing,72.4,491723,0.615,12.2,9.292172007
Cabo Verde,2007,Developing,72.3,486438,0.602,11.9,9.217384371
Cabo Verde,2006,Developing,72.1,48795,0.596,11.9,9.044371755
Cabo Verde,2005,Developing,71.8,474567,0.582,11.2,8.987774234
Cabo Verde,2004,Developing,71.4,467664,0.574,11.1,8.966113567
Cabo Verde,2003,Developing,71.1,46147,0.572,11.3,8.910229663
Cabo Verde,2002,Developing,77,45216,0.569,11.3,8.792746956
Cabo Verde,2001,Developing,73,443716,0.562,11,8.750578193
Cabo Verde,2000,Developing,69.9,43579,0,11.3,8.731771854
Cambodia,2015,Developing,68.7,15517635,0.558,10.9,10.38335158
Cambodia,2014,Developing,68.3,152779,0.553,10.9,10.34324044
Cambodia,2013,Developing,67.8,1522692,0.546,10.8,10.29682167
Cambodia,2012,Developing,67.4,14776866,0.54,10.7,10.25106698
Cambodia,2011,Developing,67,14537886,0.533,10.7,10.20500455
Cambodia,2010,Developing,66.6,143874,0.519,10.6,10.14015195
Cambodia,2009,Developing,66.1,14928,0.52,10.5,10.0970108
Cambodia,2008,Developing,65.6,138859,0.511,10.5,10.08544414
Cambodia,2007,Developing,65,13676693,0.495,10.3,10.00552011
Cambodia,2006,Developing,64.1,13474489,0.483,10.1,9.921714093
Cambodia,2005,Developing,62.9,132721,0.47,10,9.849191854
Cambodia,2004,Developing,61.5,1363377,0.458,9.7,9.769620785
Cambodia,2003,Developing,63,12853124,0.445,9.3,9.703006928
Cambodia,2002,Developing,59.3,12634729,0.427,8.2,9.653330976
Cambodia,2001,Developing,58.5,1242473,0.412,7.6,9.617594307
Cambodia,2000,Developing,57.7,12152354,0.401,7.2,9.567516757
Cameroon,2015,Developing,57.3,22834522,0.514,10.4,10.50799387
Cameroon,2014,Developing,56.7,2223994,0.507,10.4,10.56094082
Cameroon,2013,Developing,56.4,21655715,0.501,10.4,10.52799859
Cameroon,2012,Developing,55.9,2182383,0.496,10.4,10.47936023
Cameroon,2011,Developing,55.6,252447,0.486,10,10.48615991
Cameroon,2010,Developing,55.3,1997495,0.48,9.7,10.43945115
Cameroon,2009,Developing,54.8,19432541,0.473,9.2,10.44611712
Cameroon,2008,Developing,54.2,18978,0.466,8.8,10.44271711
Cameroon,2007,Developing,53.6,18395389,0.456,8,10.37891095
Cameroon,2006,Developing,53.3,17899562,0.456,8.2,10.32036469
Cameroon,2005,Developing,52.8,1742795,0.456,8.3,10.29025398
Cameroon,2004,Developing,52.1,1695981,0.455,8.2,10.27476299
Cameroon,2003,Developing,51.8,16513822,0.452,8.1,10.20331348
Cameroon,2002,Developing,51.6,1684886,0.452,8.4,10.09402547
Cameroon,2001,Developing,51.5,15671927,0.437,7.1,10.03955233
Cameroon,2000,Developing,51.4,15274234,0.433,6.9,10.02393442
Canada,2015,Developing,82.2,3584861,0.919,16.3,12.19215158
Canada,2014,Developing,82,35544564,0.912,15.9,12.25665759
Canada,2013,Developing,81.8,35155451,0.909,15.9,12.26637222
Canada,2012,Developing,81.6,3475545,0.907,15.9,12.26206325
Canada,2011,Developing,81.5,3434278,0.903,15.9,12.2536594
Canada,2010,Developing,81.2,345274,0.898,15.9,12.20880223
Canada,2009,Developing,81,33628571,0.898,15.9,12.13818428
Canada,2008,Developing,87,33245773,0.897,15.8,12.19116857
Canada,2007,Developing,85,32887928,0.894,15.8,12.1669687
Canada,2006,Developing,85,325755,0.891,15.8,12.12033198
Canada,2005,Developing,81,32312,0.886,15.8,12.06933822
Canada,2004,Developing,80,31995,0.881,15.8,12.01143943
Canada,2003,Developing,79.7,31676,0.877,15.8,11.9520853
Canada,2002,Developing,79.5,31362,0.872,15.8,11.88118449
Canada,2001,Developing,79.4,31819,0.867,15.8,11.86863374
Canada,2000,Developing,79.1,37697,0.864,15.9,11.87202417
Central African Republic,2015,Developing,52.5,45461,0.347,7.1,9.229381216
Central African Republic,2014,Developing,58,4515392,0.345,7.1,9.277566445
Central African Republic,2013,Developing,49.9,4499653,0.37,7.1,9.228283327
Central African Republic,2012,Developing,53,449416,0.366,7.1,9.399695611
Central African Republic,2011,Developing,49.8,4476153,0.361,6.8,9.38703062
Central African Republic,2010,Developing,49.2,4448525,0.352,6.6,9.330939386
Central African Republic,2009,Developing,48.6,44423,0.345,6.4,9.31542066
Central African Republic,2008,Developing,47.6,4345386,0.338,6.3,9.299596173
Central African Republic,2007,Developing,46.8,42758,0.33,6.2,9.230400711
Central African Republic,2006,Developing,46.3,421758,0.323,6,9.164905712
Central African Republic,2005,Developing,45.9,412791,0.319,5.9,9.126421829
Central African Republic,2004,Developing,45.7,45536,0.315,5.7,9.104610184
Central African Republic,2003,Developing,45.7,3981665,0.316,5.6,9.057786078
Central African Republic,2002,Developing,45.6,397612,0.315,5.4,8.998289051
Central African Republic,2001,Developing,45.6,383223,0.314,5.3,8.969718045
Central African Republic,2000,Developing,46,3754986,0.312,5.2,8.962263843
Chad,2015,Developing,53.1,149413,0.394,7.3,10.16314943
Chad,2014,Developing,52.6,13569438,0.39,7.3,10.2587411
Chad,2013,Developing,52.2,13133589,0.387,7.3,10.25201072
Chad,2012,Developing,51.8,1275135,0.381,7.3,10.25266444
Chad,2011,Developing,51.6,12288651,0.37,6.7,10.22233531
Chad,2010,Developing,51.2,1188722,0.36,6.7,10.14793919
Chad,2009,Developing,57,1152786,0.343,6.3,10.09052659
Chad,2008,Developing,49.6,11133861,0.338,6,10.12663765
Chad,2007,Developing,49.4,177578,0.306,5.7,10.03604512
Chad,2006,Developing,48.5,1421597,0.303,5.5,9.987202529
Chad,2005,Developing,48.6,1679,0.306,5.6,9.937311849
Chad,2004,Developing,48.5,97143,0.301,5.6,9.645702766
Chad,2003,Developing,48.4,935321,0.284,5.4,9.438196527
Chad,2002,Developing,48.1,91689,0.303,5.1,9.300379306
Chad,2001,Developing,48,866312,0.3,4.9,9.233210253
Chad,2000,Developing,47.6,8342559,0,4.7,9.142548002
Chile,2015,Developing,85,17762681,0.845,16.3,11.38462283
Chile,2014,Developing,83,17613798,0.841,16.2,11.4142394
Chile,2013,Developing,81,17462982,0.831,15.6,11.44309866
Chile,2012,Developing,79.9,1739746,0.826,15.5,11.42655157
Chile,2011,Developing,79.8,17153357,0.82,15.4,11.40033517
Chile,2010,Developing,79.1,16993354,0.815,15.2,11.33656221
Chile,2009,Developing,79.3,16829442,0.816,15.3,11.23496729
Chile,2008,Developing,79.6,16661942,0.804,15.2,11.25501811
Chile,2007,Developing,78.9,16491687,0.797,14.8,11.23676663
Chile,2006,Developing,78.9,16319792,0.796,14.9,11.1870792
Chile,2005,Developing,78.4,1614764,0.79,14.6,11.08740567
Chile,2004,Developing,78,15973778,0.781,14.3,10.9959684
Chile,2003,Developing,77.9,15799542,0.775,14,10.88361931
Chile,2002,Developing,77.8,15623635,0.768,13.9,10.84673315
Chile,2001,Developing,77.3,15444969,0.761,13.7,10.85475978
Chile,2000,Developing,77.3,15262754,0.755,13.5,10.89398219
China,2015,Developing,76.1,137122,0.734,13.5,13.05234047
China,2014,Developing,75.8,136427,0.723,13.1,13.02834889
China,2013,Developing,75.6,135738,0.713,12.7,12.98869824
China,2012,Developing,75.4,135695,0.703,12.4,12.93820263
China,2011,Developing,75.2,134413,0.7,12.8,12.88489485
China,2010,Developing,75,133775,0.691,12.5,12.79187057
China,2009,Developing,74.9,133126,0.682,12.2,12.71513197
China,2008,Developing,74.5,1324655,0.672,11.9,12.66907004
China,2007,Developing,74.4,1317885,0.659,11.4,12.55679151
China,2006,Developing,74.2,13112,0.646,11,12.44583739
China,2005,Developing,73.9,13372,0.634,10.6,12.36502936
China,2004,Developing,73.5,129675,0.622,10.2,12.29758469
China,2003,Developing,73.1,12884,0.61,9.9,12.22631715
China,2002,Developing,72.7,1284,0.6,9.7,12.17313429
China,2001,Developing,72.2,127185,0.592,9.6,12.13195102
China,2000,Developing,71.7,1262645,0.583,9.5,12.08769445
Colombia,2015,Developing,74.8,48228697,0.724,13.6,11.46759682
Colombia,2014,Developing,74.6,47791911,0.72,13.6,11.58119945
Colombia,2013,Developing,74.4,47342981,0.712,13.3,11.58216987
Colombia,2012,Developing,74.3,46881475,0.707,13.2,11.56901221
Colombia,2011,Developing,74.2,4646646,0.7,13,11.5250009
Colombia,2010,Developing,73.6,4591897,0.695,12.8,11.4571224
Colombia,2009,Developing,73.6,45416181,0.691,12.4,11.36636442
Colombia,2008,Developing,73.5,4491544,0.683,12.2,11.38471918
Colombia,2007,Developing,73.5,44374572,0.675,11.9,11.31435088
Colombia,2006,Developing,73.1,43835722,0.669,11.5,11.20895962
Colombia,2005,Developing,73.1,43285634,0.658,11.1,11.16316295
Colombia,2004,Developing,72.8,42724163,0.658,11.3,11.06852877
Colombia,2003,Developing,72.4,42152151,0.659,11.6,10.97609753
Colombia,2002,Developing,71.8,41572491,0.656,11.5,10.99098587
Colombia,2001,Developing,71.5,498899,0.653,11.4,10.99211432
Colombia,2000,Developing,71.4,443958,0.65,11.3,10.99945712
Comoros,2015,Developing,63.5,777424,0.498,11.1,8.984990434
Comoros,2014,Developing,63.2,759385,0.497,11.1,9.060542094
Comoros,2013,Developing,62.9,7415,0.49,10.9,9.047751398
Comoros,2012,Developing,62.5,723868,0.484,10.8,9.006826802
Comoros,2011,Developing,62.2,76569,0.479,10.6,9.009912258
Comoros,2010,Developing,61.8,689692,0.476,10.5,8.958075675
Comoros,2009,Developing,61.3,673252,0.465,10.3,8.956812271
Comoros,2008,Developing,61,657229,0.461,10.2,8.96173382
Comoros,2007,Developing,66,64162,0.459,10,8.900734705
Comoros,2006,Developing,63,626425,0.451,9.9,8.837903088
Comoros,2005,Developing,60,611627,0.434,9.7,8.816489934
Comoros,2004,Developing,59.8,597228,0,9.5,8.79426468
Comoros,2003,Developing,59.6,583211,0,9.2,8.737852365
Comoros,2002,Developing,59.5,569479,0,8.8,8.630793942
Comoros,2001,Developing,59.5,555888,0,8.5,8.571413558
Comoros,2000,Developing,59.5,542357,0,8.2,8.530845287
Congo,2015,Developing,64.7,,0.59,11.1,10.09463859
Congo,2014,Developing,64.2,,0.581,11.1,10.25332155
Congo,2013,Developing,63.9,,0.576,11.1,10.2542754
Congo,2012,Developing,63.7,,0.557,10.2,10.2477993
Congo,2011,Developing,62.9,,0.558,10.7,10.19466371
Congo,2010,Developing,62,,0.548,10.5,10.11887278
Congo,2009,Developing,68,,0.545,10.3,9.987813682
Congo,2008,Developing,59.4,,0.527,10,10.06632062
Congo,2007,Developing,58.2,,0.517,9.8,9.943628218
Congo,2006,Developing,56.9,,0.507,9.6,9.906997564
Congo,2005,Developing,55.3,,0.496,9.4,9.822821755
Congo,2004,Developing,54.1,,0.497,9.2,9.668103901
Congo,2003,Developing,53.2,,0.492,9.4,9.544529775
Congo,2002,Developing,52.6,,0.488,9.5,9.482051493
Congo,2001,Developing,52.7,,0.487,9.7,9.446646597
Congo,2000,Developing,52.9,,0.487,9.8,9.508923798
Costa Rica,2015,Developing,79.6,487852,0.775,14.2,10.75160179
Costa Rica,2014,Developing,79.5,4757575,0.768,13.9,10.71614037
Costa Rica,2013,Developing,79.4,47641,0.762,13.7,10.70714137
Costa Rica,2012,Developing,79.2,4654122,0.758,13.6,10.67423317
Costa Rica,2011,Developing,79,46474,0.752,13.4,10.63106424
Costa Rica,2010,Developing,78.1,454528,0.749,13.3,10.57586437
Costa Rica,2009,Developing,79.2,4488263,0.747,13.1,10.48778459
Costa Rica,2008,Developing,78.9,442958,0.74,12.9,10.48857533
Costa Rica,2007,Developing,78.9,4369469,0.734,12.8,10.42950521
Costa Rica,2006,Developing,78,438794,0.727,12.6,10.35632307
Costa Rica,2005,Developing,78.6,4247841,0.723,12.4,10.30191164
Costa Rica,2004,Developing,77.7,418738,0.719,12.2,10.26976025
Costa Rica,2003,Developing,78,4125971,0.715,12.1,10.23733661
Costa Rica,2002,Developing,78.3,46324,0.712,11.9,10.21955363
Costa Rica,2001,Developing,77.5,3996798,0.708,11.7,10.20347279
Costa Rica,2000,Developing,77.6,3925443,0.702,11.6,10.1764857
Croatia,2015,Developed,78,42364,0.823,15.3,10.70756075
Croatia,2014,Developed,77.8,4238389,0.82,15.1,10.77529679
Croatia,2013,Developed,77.7,4255689,0.817,14.9,10.77703705
Croatia,2012,Developed,77.1,4267558,0.815,14.6,10.76003111
Croatia,2011,Developed,77,428622,0.808,14.5,10.79857474
Croatia,2010,Developed,76.6,4417781,0.803,14.2,10.77066946
Croatia,2009,Developed,76.3,442978,0.803,14.2,10.79459955
Croatia,2008,Developed,76,443458,0.8,14.3,10.83551843
Croatia,2007,Developed,75.8,4436,0.793,14.3,10.772986
Croatia,2006,Developed,75.9,444,0.783,13.9,10.69533757
Croatia,2005,Developed,75.2,4442,0.777,13.6,10.65333911
Croatia,2004,Developed,75.4,4439,0.771,13.3,10.62155319
Croatia,2003,Developed,74.7,444,0.765,12.9,10.54710142
Croatia,2002,Developed,74.8,444,0.759,12.6,10.42744914
Croatia,2001,Developed,74.9,444,0.749,12.3,10.36298893
Croatia,2000,Developed,74.7,4426,0.739,12.2,10.34506798
Cuba,2015,Developing,79.1,,0.773,13.9,10.94018167
Cuba,2014,Developing,79,,0.772,14,10.90663722
Cuba,2013,Developing,78.7,,0.773,14.7,10.88732467
Cuba,2012,Developing,78.7,,0.778,15.7,10.86416089
Cuba,2011,Developing,78.8,,0.78,16.5,10.83878614
Cuba,2010,Developing,78,,0.784,17.6,10.77497629
Cuba,2009,Developing,78.1,,0.782,17.7,10.75952795
Cuba,2008,Developing,77.9,,0.771,17.1,10.75052482
Cuba,2007,Developing,78.1,,0.754,16,10.73450276
Cuba,2006,Developing,78,,0.732,14.7,10.68873943
Cuba,2005,Developing,77.2,,0.719,14.2,10.62985627
Cuba,2004,Developing,77.3,,0.705,13.2,10.58209747
Cuba,2003,Developing,77.4,,0.694,12.9,10.55510897
Cuba,2002,Developing,77.7,,0.692,12.5,10.52621647
Cuba,2001,Developing,76.7,,0.686,12.3,10.50081807
Cuba,2000,Developing,76.9,,0.679,12.1,10.48523008
Cyprus,2015,Developed,85,116985,0.854,14.3,10.29905552
Cyprus,2014,Developed,83,115239,0.85,14,10.36597289
Cyprus,2013,Developed,81,1143896,0.85,13.8,10.37948161
Cyprus,2012,Developed,80,113562,0.85,13.8,10.39876329
Cyprus,2011,Developed,79.7,1124835,0.847,13.8,10.44156238
Cyprus,2010,Developed,79.5,111267,0.853,14.6,10.4116187
Cyprus,2009,Developed,79.3,19876,0.849,14.1,10.41577738
Cyprus,2008,Developed,79.1,181563,0.844,13.7,10.4447417
Cyprus,2007,Developed,78.9,163712,0.836,13.5,10.37964497
Cyprus,2006,Developed,78.8,14559,0.829,13.4,10.30260698
Cyprus,2005,Developed,78.7,127658,0.826,13.5,10.26560574
Cyprus,2004,Developed,78.6,1141,0.823,13.4,10.23856171
Cyprus,2003,Developed,78.5,993563,0.815,13,10.16278328
Cyprus,2002,Developed,78.4,976966,0.805,12.5,10.05767481
Cyprus,2001,Developed,78.2,96282,0.8,12.4,10.01694559
Cyprus,2000,Developed,78.1,943286,0.798,12.5,9.999384921
Czechia,2015,Developed,78.8,,,,11.27670921
Czechia,2014,Developed,78.6,,,,11.32409982
Czechia,2013,Developed,78.2,,,,11.32842927
Czechia,2012,Developed,78,,,,11.32296982
Czechia,2011,Developed,77.8,,,,11.36441849
Czechia,2010,Developed,77.5,,,,11.32462948
Czechia,2009,Developed,77.1,,,,11.31591135
Czechia,2008,Developed,77,,,,11.37384265
Czechia,2007,Developed,76.8,,,,11.27884663
Czechia,2006,Developed,76.5,,,,11.19378183
Czechia,2005,Developed,75.9,,,,11.13755724
Czechia,2004,Developed,75.8,,,,11.07971618
Czechia,2003,Developed,75.2,,,,11.00188908
Czechia,2002,Developed,75.3,,,,10.91702142
Czechia,2001,Developed,75.1,,,,10.8333722
Czechia,2000,Developed,74.7,,,,10.79362028
Democratic Republic of the Congo,2015,Developing,59.8,,,,10.60400533
Democratic Republic of the Congo,2014,Developing,59.3,,,,10.58379912
Democratic Republic of the Congo,2013,Developing,58.8,,,,10.54271577
Democratic Republic of the Congo,2012,Developing,58.3,,,,10.47754622
Democratic Republic of the Congo,2011,Developing,57.9,,,,10.42147855
Democratic Republic of the Congo,2010,Developing,57.4,,,,10.38312644
Democratic Republic of the Congo,2009,Developing,56.7,,,,10.26968241
Democratic Republic of the Congo,2008,Developing,56.3,,,,10.35647501
Democratic Republic of the Congo,2007,Developing,55.7,,,,10.2642228
Democratic Republic of the Congo,2006,Developing,55,,,,10.18988441
Democratic Republic of the Congo,2005,Developing,54.3,,,,10.10070574
Democratic Republic of the Congo,2004,Developing,53.5,,,,10.0127311
Democratic Republic of the Congo,2003,Developing,52.8,,,,9.951219313
Democratic Republic of the Congo,2002,Developing,52.1,,,,9.940916655
Democratic Republic of the Congo,2001,Developing,51.8,,,,9.871467215
Democratic Republic of the Congo,2000,Developing,51.3,,,,10.28076148
Denmark,2015,Developed,86,5683483,0.923,19.2,11.47966012
Denmark,2014,Developed,84,5643475,0.926,19.2,11.54756871
Denmark,2013,Developed,81,5614932,0.924,18.7,11.53735436
Denmark,2012,Developed,80,5591572,0.922,18.4,11.51427218
Denmark,2011,Developed,79.7,557572,0.91,16.9,11.53695669
Denmark,2010,Developed,79.2,5547683,0.906,16.8,11.50832174
Denmark,2009,Developed,78.9,552395,0.906,16.8,11.50869015
Denmark,2008,Developed,78.8,5493621,0.906,16.8,11.55020324
Denmark,2007,Developed,78.4,5461438,0.904,16.7,11.50543917
Denmark,2006,Developed,78.1,5437272,0.902,16.9,11.45237862
Denmark,2005,Developed,78.1,5419432,0.897,16.6,11.42349178
Denmark,2004,Developed,77.7,544523,0.893,16.5,11.40137668
Denmark,2003,Developed,77.3,539574,0.882,16.3,11.33929478
Denmark,2002,Developed,77,5375931,0.875,16.6,11.25233888
Denmark,2001,Developed,77,5358783,0.862,16.2,11.21717218
Denmark,2000,Developed,76.9,5339616,0.86,16.5,11.21495987
Djibouti,2015,Developing,63.5,927414,0.47,6.3,9.384602804
Djibouti,2014,Developing,63,912164,0.467,6.3,9.346477761
Djibouti,2013,Developing,62.7,896688,0.464,6.3,9.310574464
Djibouti,2012,Developing,62.2,881185,0.46,6.3,9.131500915
Djibouti,2011,Developing,61.8,865937,0.451,5.9,9.093121954
Djibouti,2010,Developing,61.3,851146,0.441,5.5,9.052544548
Djibouti,2009,Developing,69,83684,0.436,5.3,9.02082131
Djibouti,2008,Developing,62,822934,0.427,5,8.99961128
Djibouti,2007,Developing,59.8,8942,0.416,4.5,8.928354331
Djibouti,2006,Developing,59.1,79628,0.405,4.3,8.885854997
Djibouti,2005,Developing,58.6,783254,0.396,4,8.850421492
Djibouti,2004,Developing,58.1,77752,0.388,3.7,8.823521244
Djibouti,2003,Developing,58,758615,0.378,3.5,8.79382157
Djibouti,2002,Developing,57.9,746221,0.372,3.3,8.771677152
Djibouti,2001,Developing,57.7,732711,0.363,2.9,8.757712858
Djibouti,2000,Developing,57.4,717584,0.361,2.9,8.741333524
Dominica,2013,Developing,,,0.721,12.7,8.736656145
Dominican Republic,2015,Developing,73.9,1528394,0.718,13.2,10.85105512
Dominican Republic,2014,Developing,73.6,145844,0.712,13.2,10.82616767
Dominican Republic,2013,Developing,73.4,1281296,0.709,13.2,10.79626493
Dominican Republic,2012,Developing,72.1,115495,0.706,13.1,10.7821976
Dominican Republic,2011,Developing,73.1,12795,0.703,13,10.76304041
Dominican Republic,2010,Developing,72.7,9897985,0.697,12.9,10.73079078
Dominican Republic,2009,Developing,73.6,9767758,0.695,12.9,10.68326126
Dominican Republic,2008,Developing,73.3,963652,0.692,12.8,10.68206772
Dominican Republic,2007,Developing,72.9,954353,0.685,12.7,10.64311161
Dominican Republic,2006,Developing,72.3,9371338,0.677,12.6,10.57840802
Dominican Republic,2005,Developing,69.7,9237566,0.668,12.6,10.55361073
Dominican Republic,2004,Developing,69.3,912998,0.666,12.5,10.34874064
Dominican Republic,2003,Developing,73,896776,0.665,12.4,10.33047806
Dominican Republic,2002,Developing,71.4,8832285,0.66,12.3,10.43356889
Dominican Republic,2001,Developing,71.2,8697126,0.656,12.3,10.4082709
Dominican Republic,2000,Developing,72,8562622,0.651,12.2,10.38570957
Ecuador,2015,Developing,76.2,16144368,0.739,14,10.98770897
Ecuador,2014,Developing,76,1593112,0.737,14,11.01164568
Ecuador,2013,Developing,76,15661547,0.725,13.4,10.98484373
Ecuador,2012,Developing,75.5,15419666,0.717,13.3,10.94317312
Ecuador,2011,Developing,75.3,15177355,0.71,13.2,10.89755368
Ecuador,2010,Developing,75,1493469,0.703,13.1,10.83347433
Ecuador,2009,Developing,75.1,14691275,0.702,13.1,10.77883818
Ecuador,2008,Developing,74.6,14447562,0.698,13,10.78632144
Ecuador,2007,Developing,74.7,1425453,0.696,12.9,10.69765405
Ecuador,2006,Developing,74.4,1396748,0.693,12.8,10.6598284
Ecuador,2005,Developing,74.2,13735233,0.688,12.8,10.60507705
Ecuador,2004,Developing,74.4,1359647,0.682,12.7,10.54648032
Ecuador,2003,Developing,74.4,1328961,0.679,12.6,10.490874
Ecuador,2002,Developing,73.6,13726,0.675,12.5,10.43223465
Ecuador,2001,Developing,73.4,12852755,0.67,12.4,10.36412033
Ecuador,2000,Developing,72.8,12628596,0.668,12.4,10.24401609
Egypt,2015,Developing,79,,0.688,13.1,11.51767953
Egypt,2014,Developing,78,,0.686,13.1,11.48514683
Egypt,2013,Developing,79,,0.681,12.8,11.46004662
Egypt,2012,Developing,72,,0.673,12.4,11.44578577
Egypt,2011,Developing,74,,0.671,12.4,11.372893
Egypt,2010,Developing,70,,0.665,12.2,11.34041172
Egypt,2009,Developing,69.9,,0.659,12,11.27679947
Egypt,2008,Developing,69.8,,0.651,11.9,11.2117029
Egypt,2007,Developing,69.7,,0.644,11.7,11.11540356
Egypt,2006,Developing,69.5,,0.636,11.5,11.03110976
Egypt,2005,Developing,69.4,,0.629,11.4,10.95260038
Egypt,2004,Developing,69,,0.623,11.2,10.89642958
Egypt,2003,Developing,68.6,,0.621,11.3,10.90465314
Egypt,2002,Developing,68.7,,0.617,11.2,10.93016459
Egypt,2001,Developing,68.6,,0.612,11.1,10.98535747
Egypt,2000,Developing,68.8,,0.606,11,10.99929824
El Salvador,2015,Developing,73.5,6312478,0.678,13.2,10.369925
El Salvador,2014,Developing,73.3,6281189,0.676,13.2,10.35398294
El Salvador,2013,Developing,73,625777,0.675,13.2,10.34224419
El Salvador,2012,Developing,73,6221246,0.67,13.2,10.33013261
El Salvador,2011,Developing,72,619256,0.666,13,10.30714889
El Salvador,2010,Developing,72,6164626,0.662,12.9,10.26594741
El Salvador,2009,Developing,71.4,6137276,0.662,12.8,10.24555264
El Salvador,2008,Developing,71.7,61131,0.659,13.4,10.25495608
El Salvador,2007,Developing,71.2,683475,0.657,12.9,10.23074899
El Salvador,2006,Developing,75,656478,0.651,12.9,10.204117
El Salvador,2005,Developing,71,628961,0.644,12.7,10.16725824
El Salvador,2004,Developing,70,6775,0.636,12.4,10.13750637
El Salvador,2003,Developing,69.9,5971535,0.628,12,10.12201564
El Salvador,2002,Developing,73,59433,0.621,11.8,10.10257743
El Salvador,2001,Developing,68.9,595962,0.615,11.6,10.08928796
El Salvador,2000,Developing,69,5867626,0.607,11.3,10.07132692
Equatorial Guinea,2015,Developing,58.2,1175389,0.582,9.2,10.1200965
Equatorial Guinea,2014,Developing,57.9,1129424,0.582,9.2,10.33776771
Equatorial Guinea,2013,Developing,57.4,183746,0.586,9.2,10.34141146
Equatorial Guinea,2012,Developing,56.7,138593,0.583,9.2,10.35002197
Equatorial Guinea,2011,Developing,56.2,99429,0.58,9.2,10.32954724
Equatorial Guinea,2010,Developing,56.1,95114,0.589,9.2,10.21257226
Equatorial Guinea,2009,Developing,55.7,99111,0.59,9.1,10.17689527
Equatorial Guinea,2008,Developing,55.4,868418,0.592,9.1,10.29556476
Equatorial Guinea,2007,Developing,55,829327,0.587,9,10.1163327
Equatorial Guinea,2006,Developing,54.8,792217,0.569,9,10.00374173
Equatorial Guinea,2005,Developing,54.4,757317,0.563,8.7,9.914732794
Equatorial Guinea,2004,Developing,54.1,724817,0.553,8.5,9.644513855
Equatorial Guinea,2003,Developing,53.8,694611,0.554,8.4,9.395281989
Equatorial Guinea,2002,Developing,53.5,66647,0.542,8.2,9.256896319
Equatorial Guinea,2001,Developing,53.1,639762,0.527,8,9.164691539
Equatorial Guinea,2000,Developing,52.7,614323,0,0,9.01953106
Eritrea,2011,Developing,62.9,447469,0.405,5,9.314920398
Eritrea,2010,Developing,62.1,43984,0.404,5.1,9.201264753
Eritrea,2009,Developing,61.4,431334,0.402,5.2,9.268740697
Eritrea,2008,Developing,67,4232636,0.406,5.2,9.139938499
Eritrea,2007,Developing,62,4153332,0.405,5.3,9.119907005
Eritrea,2006,Developing,59.7,466648,0.405,5.3,9.083202193
Eritrea,2005,Developing,59.4,39697,0,5.4,9.040770285
Eritrea,2004,Developing,59.1,3858623,0,5,9.044952695
Eritrea,2003,Developing,58.8,3738265,0,4.7,8.939643167
Eritrea,2002,Developing,58.5,3614639,0,4.4,8.862919124
Eritrea,2001,Developing,58.1,3497124,0,4.3,8.876432445
Eritrea,2000,Developing,45.3,339281,0,3.9,8.849032748
Estonia,2015,Developing,77.6,131547,0.863,16.5,10.3675767
Estonia,2014,Developing,77.3,1314545,0.86,16.5,10.4322586
Estonia,2013,Developing,76.9,1317997,0.856,16.5,10.40570541
Estonia,2012,Developing,76.3,1322696,0.85,16.5,10.36618765
Estonia,2011,Developing,76.1,1327439,0.838,16.4,10.3674289
Estonia,2010,Developing,75.6,1331475,0.833,16.2,10.2905767
Estonia,2009,Developing,74.9,1334515,0.836,16.1,10.29300844
Estonia,2008,Developing,74.2,13379,0.835,16.1,10.38637295
Estonia,2007,Developing,73,13468,0.829,16.1,10.35122146
Estonia,2006,Developing,73,134681,0.822,16.1,10.23110426
Estonia,2005,Developing,72.8,1354775,0.812,15.9,10.14951136
Estonia,2004,Developing,72.3,136255,0.805,15.7,10.08452606
Estonia,2003,Developing,71.9,13772,0.798,15.6,9.994607269
Estonia,2002,Developing,71.2,137935,0.791,15.4,9.867474537
Estonia,2001,Developing,78,1388115,0.781,15,9.795895195
Estonia,2000,Developing,78,1396985,0.764,14.4,9.754851134
Ethiopia,2015,Developing,64.8,9987333,0.441,8.4,10.7931155
Ethiopia,2014,Developing,64.2,97366774,0.435,8.4,10.7451703
Ethiopia,2013,Developing,63.7,94887724,0.427,8.4,10.6780472
Ethiopia,2012,Developing,63.3,92444183,0.422,8.4,10.63659542
Ethiopia,2011,Developing,62.6,946756,0.411,8.2,10.50450842
Ethiopia,2010,Developing,61.8,877267,0.401,8.1,10.47616171
Ethiopia,2009,Developing,68,85416253,0.393,8.1,10.51104589
Ethiopia,2008,Developing,59.8,83184892,0.378,7.6,10.43243872
Ethiopia,2007,Developing,58.5,8149,0.362,7.1,10.29463411
Ethiopia,2006,Developing,57.2,7885689,0.346,6.6,10.18414785
Ethiopia,2005,Developing,56,7672783,0.325,5.8,10.09346159
Ethiopia,2004,Developing,55,7462445,0.31,5.4,10.00566034
Ethiopia,2003,Developing,54,72545144,0.306,5.2,9.935693202
Ethiopia,2002,Developing,53.2,7497192,0.298,4.9,9.894914439
Ethiopia,2001,Developing,52.5,68492257,0.283,4.3,9.915469803
Ethiopia,2000,Developing,51.2,66537331,0,3.9,9.916051032
Fiji,2015,Developing,69.9,892149,0.734,15.3,9.670475921
Fiji,2014,Developing,69.7,88586,0.727,15.2,9.686377471
Fiji,2013,Developing,69.6,879715,0.719,15,9.622210706
Fiji,2012,Developing,69.4,873596,0.714,14.9,9.599012313
Fiji,2011,Developing,69.2,86786,0.709,14.7,9.577424226
Fiji,2010,Developing,69.1,85995,0.706,14.6,9.496952706
Fiji,2009,Developing,68.9,851967,0.704,14.5,9.457976408
Fiji,2008,Developing,68.7,84334,0.7,14.3,9.546935562
Fiji,2007,Developing,68.6,834812,0.698,14.2,9.52870009
Fiji,2006,Developing,68.5,827411,0.695,14,9.488029455
Fiji,2005,Developing,68.3,821817,0.699,13.9,9.474275115
Fiji,2004,Developing,68.1,818354,0.691,13.4,9.432661245
Fiji,2003,Developing,68,816628,0.689,13.3,9.361820815
Fiji,2002,Developing,67.9,815691,0.687,13.3,9.263228797
Fiji,2001,Developing,67.8,814218,0.683,13.2,9.218131487
Fiji,2000,Developing,67.7,811223,0.681,13.1,9.224848765
Finland,2015,Developing,81.1,5479531,0.893,17,11.36774853
Finland,2014,Developing,89,5461512,0.89,17,11.43692324
Finland,2013,Developing,87,5438972,0.887,17,11.43179469
Finland,2012,Developing,84,5413971,0.884,17,11.41068174
Finland,2011,Developing,83,5388272,0.878,16.9,11.43953308
Finland,2010,Developing,79.9,5363352,0.874,16.8,11.39694801
Finland,2009,Developing,79.7,5338871,0.878,17,11.40394504
Finland,2008,Developing,79.6,5313399,0.876,17.1,11.45590821
Finland,2007,Developing,79.3,528872,0.873,17.2,11.40885069
Finland,2006,Developing,79.2,5266268,0.869,17.2,11.33654792
Finland,2005,Developing,78.9,524696,0.864,17.1,11.31145583
Finland,2004,Developing,78.7,5228172,0.869,18.3,11.29547539
Finland,2003,Developing,78.4,521314,0.866,18.1,11.23454985
Finland,2002,Developing,78.1,52598,0.863,18,11.14724634
Finland,2001,Developing,78,51888,0.856,17.7,11.11233574
Finland,2000,Developing,77.5,517629,0.847,17.3,11.10025962
France,2015,Developing,82.4,6662468,0.894,16.3,12.38783163
France,2014,Developing,82.2,66331957,0.89,16.2,12.4565537
France,2013,Developing,82,6599857,0.887,16.2,12.44964462
France,2012,Developing,81.5,6565979,0.885,16.1,12.42862182
France,2011,Developing,81.7,65342776,0.882,16.1,12.45794372
France,2010,Developing,81.3,6527512,0.879,16,12.42262759
France,2009,Developing,81.1,647744,0.879,16,12.43137597
France,2008,Developing,89,6437499,0.877,16.1,12.46639348
France,2007,Developing,89,6416229,0.873,16.1,12.42419813
France,2006,Developing,86,63621376,0.87,16.1,12.36508749
France,2005,Developing,81,63179356,0.86,15.5,12.34086956
France,2004,Developing,82,6274897,0.857,15.5,12.3242397
France,2003,Developing,79.3,62244884,0.852,15.4,12.26365878
France,2002,Developing,79.2,6185267,0.851,15.5,12.17389332
France,2001,Developing,79,61357431,0.849,15.6,12.13683996
France,2000,Developing,78.8,6912498,0.844,15.7,12.13384506
Gabon,2015,Developing,66,193175,0.694,12.6,10.15785273
Gabon,2014,Developing,65.5,1875713,0.687,12.6,10.26016604
Gabon,2013,Developing,64.6,1817271,0.678,12.5,10.24540765
Gabon,2012,Developing,63.5,1756817,0.669,12.5,10.23478203
Gabon,2011,Developing,62.8,169711,0.664,12.5,10.26031729
Gabon,2010,Developing,62.3,16421,0.66,12.5,10.15753513
Gabon,2009,Developing,61.7,1586754,0.652,12.4,10.08327678
Gabon,2008,Developing,61.6,1536411,0.651,12.4,10.19232622
Gabon,2007,Developing,61.6,1489193,0.645,12.4,10.09535801
Gabon,2006,Developing,61.4,1444844,0.646,12.4,10.01399934
Gabon,2005,Developing,65,143126,0.64,12.4,9.981491699
Gabon,2004,Developing,59.7,136425,0.64,12.3,9.89043326
Gabon,2003,Developing,59.7,1328146,0.638,12.3,9.813707947
Gabon,2002,Developing,59.7,129449,0.636,12.3,9.727171144
Gabon,2001,Developing,59.8,1262259,0.633,12.3,9.700986125
Gabon,2000,Developing,61,1231122,0.637,12.2,9.705905056
Gambia,2015,Developing,61.1,,0.45,8.9,9.139304875
Gambia,2014,Developing,68,,0.449,8.9,9.089715012
Gambia,2013,Developing,66,,0.445,8.9,9.138495152
Gambia,2012,Developing,62,,0.44,8.8,9.150757894
Gambia,2011,Developing,59.8,,0.441,8.7,9.149124727
Gambia,2010,Developing,59.3,,0.439,8.8,9.188448929
Gambia,2009,Developing,59,,0.434,8.9,9.161410683
Gambia,2008,Developing,58.7,,0.426,8.6,9.19361623
Gambia,2007,Developing,58.5,,0.42,8.4,9.107109204
Gambia,2006,Developing,58.2,,0.415,8.1,9.022886958
Gambia,2005,Developing,57.7,,0.412,7.8,9.011866808
Gambia,2004,Developing,57.3,,0.404,7.6,8.983130219
Gambia,2003,Developing,57,,0.395,7.3,8.687563458
Gambia,2002,Developing,56.6,,0.392,7,8.762104608
Gambia,2001,Developing,56.3,,0.384,6.8,8.837216253
Gambia,2000,Developing,55.9,,0.377,6.5,8.893713988
Georgia,2015,Developing,74.4,37171,0.768,13.9,10.18252296
Georgia,2014,Developing,74.5,3727,0.759,13.5,10.25445176
Georgia,2013,Developing,74.5,3776,0.755,13.5,10.2434761
Georgia,2012,Developing,74.2,3825,0.749,13.4,10.22774257
Georgia,2011,Developing,73.9,3875,0.742,13.3,10.18963881
Georgia,2010,Developing,73.8,3926,0.738,13.3,10.09436308
Georgia,2009,Developing,73.2,3978,0.734,12.8,10.03209149
Georgia,2008,Developing,73.9,43,0.735,13.1,10.10704522
Georgia,2007,Developing,74.4,482,0.722,12.5,10.0074461
Georgia,2006,Developing,73.9,4136,0.714,12.6,9.889035482
Georgia,2005,Developing,73.9,419,0.703,12.2,9.806919819
Georgia,2004,Developing,72.3,4245,0.694,12,9.709724815
Georgia,2003,Developing,72.7,431,0.684,11.8,9.601122849
Georgia,2002,Developing,71.7,4357,0.677,11.8,9.530937842
Georgia,2001,Developing,73,43864,0.673,11.7,9.507783339
Georgia,2000,Developing,71.8,44183,0,11.4,9.485362962
Germany,2015,Developed,81,81686611,0.924,17.1,12.5346732
Germany,2014,Developed,89,89825,0.92,17,12.59822903
Germany,2013,Developed,86,864565,0.919,16.9,12.58058559
Germany,2012,Developed,86,8425823,0.916,16.9,12.55587804
Germany,2011,Developed,85,8274983,0.912,16.8,12.5824697
Germany,2010,Developed,81,8177693,0.907,16.7,12.53996559
Germany,2009,Developed,80,819237,0.906,16.7,12.54139769
Germany,2008,Developed,79.9,821197,0.903,16.6,12.58071949
Germany,2007,Developed,79.8,82266372,0.898,16.6,12.54208521
Germany,2006,Developed,79.6,82376451,0.892,16.5,12.48377392
Germany,2005,Developed,79.2,82469422,0.884,16.4,12.46140745
Germany,2004,Developed,79.1,8251626,0.877,16.4,12.45519791
Germany,2003,Developed,78.5,82534176,0.872,16.3,12.40392922
Germany,2002,Developed,78.4,82488495,0.867,16.3,12.32270518
Germany,2001,Developed,78.3,82349925,0.86,16.2,12.29366778
Germany,2000,Developed,78,8221158,0.855,16.2,12.2938001
Ghana,2015,Developing,62.4,27582821,0.575,11.4,10.69405041
Ghana,2014,Developing,62.1,26962563,0.576,11.7,10.73781686
Ghana,2013,Developing,61.9,26346251,0.57,11.5,10.79827572
Ghana,2012,Developing,61.6,2573349,0.563,11.2,10.61565237
Ghana,2011,Developing,61.2,25121796,0.554,10.9,10.59479757
Ghana,2010,Developing,69,2451214,0.547,10.5,10.50782425
Ghana,2009,Developing,66,2393831,0.542,10.4,10.41578639
Ghana,2008,Developing,63,2329864,0.53,9.8,10.45756981
Ghana,2007,Developing,59.9,227212,0.519,9.1,10.39493018
Ghana,2006,Developing,59.4,22113425,0.51,8.7,10.31983526
Ghana,2005,Developing,58.9,215429,0.499,8.1,10.03118897
Ghana,2004,Developing,58.3,2986536,0.491,7.7,9.948482306
Ghana,2003,Developing,57.9,2446782,0.489,7.9,9.882679533
Ghana,2002,Developing,57.6,19924522,0.484,7.6,9.790017455
Ghana,2001,Developing,57.4,1942165,0.485,8,9.72549288
Ghana,2000,Developing,57.2,18938762,0.48,7.7,9.697477871
Greece,2015,Developing,81,182883,0.865,17.2,11.28907002
Greece,2014,Developing,88,1892413,0.862,17.2,11.36905173
Greece,2013,Developing,86,1965211,0.86,17.1,11.37393448
Greece,2012,Developing,84,114511,0.858,16.8,11.37810914
Greece,2011,Developing,85,1114899,0.86,16.7,11.45213631
Greece,2010,Developing,83,11121341,0.859,16.4,11.47190405
Greece,2009,Developing,80,111717,0.857,16.2,11.51432066
Greece,2008,Developing,79.9,1177841,0.853,15.9,11.5454573
Greece,2007,Developing,79.4,1148473,0.855,16.4,11.49724349
Greece,2006,Developing,79.7,112362,0.85,16.3,11.42987079
Greece,2005,Developing,79.3,1987314,0.839,15.6,11.3843815
Greece,2004,Developing,79.2,1955141,0.83,15.3,11.37103019
Greece,2003,Developing,79.1,19287,0.823,15.2,11.29431301
Greece,2002,Developing,79,19222,0.811,14.6,11.17682546
Greece,2001,Developing,78.7,1862132,0.801,14.2,11.12073997
Greece,2000,Developing,78.2,18588,0.794,13.9,11.0995431
Grenada,2015,Developing,73.6,,0.751,15.8,8.998698385
Grenada,2014,Developing,73.5,,0.749,15.8,8.959754908
Grenada,2013,Developing,73.3,,0.746,15.8,8.925631
Grenada,2012,Developing,73.1,,0.744,15.8,8.903025642
Grenada,2011,Developing,72.9,,0.741,15.8,8.891345387
Grenada,2010,Developing,72.6,,0,15.8,8.887062723
Grenada,2009,Developing,72.4,,0,15.6,8.887209567
Grenada,2008,Developing,72.1,,0,15.4,8.916967448
Grenada,2007,Developing,71.9,,0,15.3,8.880060692
Grenada,2006,Developing,71.7,,0,15.1,8.844291158
Grenada,2005,Developing,71.5,,0,14.9,8.842331824
Grenada,2004,Developing,73,,0,14.8,8.777512797
Grenada,2003,Developing,71.1,,0,14.6,8.771601007
Grenada,2002,Developing,79,,0,14.4,8.732664648
Grenada,2001,Developing,77,,0,14.3,8.716374161
Grenada,2000,Developing,74,,0,14.1,8.716040399
Guatemala,2015,Developing,71.9,16252429,0.637,10.7,10.79369309
Guatemala,2014,Developing,71.7,15923559,0.614,10.7,10.76231957
Guatemala,2013,Developing,71.4,15596214,0.611,10.7,10.72424653
Guatemala,2012,Developing,71.3,1527156,0.616,10.6,10.69542852
Guatemala,2011,Developing,71.1,14948919,0.609,10.5,10.6709506
Guatemala,2010,Developing,77,1463417,0.602,10.5,10.60934441
Guatemala,2009,Developing,76,1431628,0.596,10.4,10.56967989
Guatemala,2008,Developing,79,146366,0.589,10.4,10.58550269
Guatemala,2007,Developing,75,137286,0.578,10.1,10.52592354
Guatemala,2006,Developing,69.7,133978,0.57,9.8,10.47340298
Guatemala,2005,Developing,69.2,139628,0.567,9.6,10.42786553
Guatemala,2004,Developing,69.6,12796925,0.564,9.3,10.37249403
Guatemala,2003,Developing,69.4,125478,0.56,9,10.33397801
Guatemala,2002,Developing,69.3,1228848,0.553,8.8,10.31057025
Guatemala,2001,Developing,68.4,11924946,0.546,8.5,10.26494102
Guatemala,2000,Developing,67.7,1165743,0.539,8.2,10.28530812
Guinea,2015,Developing,59,1291533,0.414,8.8,9.944196424
Guinea,2014,Developing,58.1,118559,0.412,8.6,9.943418996
Guinea,2013,Developing,58.8,11536615,0.406,8.5,9.923068479
Guinea,2012,Developing,58.4,11281469,0.396,8.5,9.882982188
Guinea,2011,Developing,58.1,113517,0.385,8.4,9.831558634
Guinea,2010,Developing,57.8,179417,0.38,8.3,9.835910335
Guinea,2009,Developing,57.3,1556524,0.376,8.1,9.827169228
Guinea,2008,Developing,56.8,1323142,0.371,7.9,9.842869987
Guinea,2007,Developing,56.4,196727,0.364,7.6,9.798092279
Guinea,2006,Developing,55.6,9881428,0.356,7.1,9.625314493
Guinea,2005,Developing,54.7,9679745,0.346,6.6,9.631694191
Guinea,2004,Developing,54,949229,0.325,5.1,9.724338794
Guinea,2003,Developing,53.3,939848,0.338,5.9,9.701150583
Guinea,2002,Developing,52.9,9137345,0.329,5.5,9.633630907
Guinea,2001,Developing,52.5,8971139,0.322,5.1,9.615479497
Guinea,2000,Developing,52.5,888546,0.316,4.8,9.640228823
Guinea-Bissau,2015,Developing,58.9,177526,0.421,9.2,9.061597283
Guinea-Bissau,2014,Developing,58.4,1725744,0.419,9.2,9.055091786
Guinea-Bissau,2013,Developing,58.1,1681495,0.415,9.1,9.045198864
Guinea-Bissau,2012,Developing,57.6,1638139,0.416,9.1,9.020946099
Guinea-Bissau,2011,Developing,57.1,1596154,0.41,9,9.063361255
Guinea-Bissau,2010,Developing,56.7,155588,0.405,8.9,8.973179845
Guinea-Bissau,2009,Developing,56.3,1517448,0.401,8.9,8.949471897
Guinea-Bissau,2008,Developing,55.6,148841,0.398,8.8,8.97894137
Guinea-Bissau,2007,Developing,55,1445958,0.394,8.8,8.876888976
Guinea-Bissau,2006,Developing,54.4,1412669,0.388,8.3,8.802624536
Guinea-Bissau,2005,Developing,53.9,138838,0,8,8.806027972
Guinea-Bissau,2004,Developing,53.5,135345,0,7.7,8.765049704
Guinea-Bissau,2003,Developing,53,132122,0,7.4,8.743207692
Guinea-Bissau,2002,Developing,52.8,1293523,0,7.1,8.669106389
Guinea-Bissau,2001,Developing,52.5,1267512,0,6.7,8.615540667
Guinea-Bissau,2000,Developing,52.1,1243229,0,6.4,8.592560453
Guyana,2015,Developing,66.2,768514,0.638,10.3,9.631427553
Guyana,2014,Developing,66,763393,0.636,10.3,9.615703933
Guyana,2013,Developing,65.9,75881,0.633,10.3,9.619906967
Guyana,2012,Developing,65.8,75391,0.63,10.6,9.608856286
Guyana,2011,Developing,65.6,7491,0.624,10.3,9.567189263
Guyana,2010,Developing,65.9,746556,0.618,10.2,9.535662736
Guyana,2009,Developing,66.1,745693,0.618,10.5,9.500464701
Guyana,2008,Developing,66.3,746314,0.618,10.7,9.480752288
Guyana,2007,Developing,65.7,747869,0.62,11.2,9.436317183
Guyana,2006,Developing,65.2,74961,0.622,11.7,9.376543743
Guyana,2005,Developing,65,75946,0.619,11.4,8.916391064
Guyana,2004,Developing,65.1,751652,0.613,11.2,8.896423903
Guyana,2003,Developing,65.3,751857,0.611,11.1,8.871026192
Guyana,2002,Developing,65.3,751884,0.609,11,8.861015238
Guyana,2001,Developing,65.4,752263,0.606,10.9,8.85258212
Guyana,2000,Developing,65.4,75331,0.602,10.9,8.852887196
Haiti,2015,Developing,63.5,171161,0.49,9.1,10.17171561
Haiti,2014,Developing,63.1,1572466,0.487,9.1,10.18032329
Haiti,2013,Developing,62.7,1431776,0.483,9.1,10.1732588
Haiti,2012,Developing,62.3,128921,0.477,8.9,10.13700342
Haiti,2011,Developing,62.3,114554,0.47,8.7,10.11423544
Haiti,2010,Developing,36.3,9999617,0.47,8.6,10.07405952
Haiti,2009,Developing,62.5,985287,0.466,8.5,10.06434576
Haiti,2008,Developing,62.1,97529,0.462,8.4,10.01840765
Haiti,2007,Developing,61.8,9556889,0.458,8.4,9.9651376
Haiti,2006,Developing,61.1,949457,0.455,8.3,9.883021678
Haiti,2005,Developing,65,926344,0.452,8.2,9.846964575
Haiti,2004,Developing,58.7,9119178,0.45,8.1,9.784429035
Haiti,2003,Developing,59.7,8976552,0.447,8.1,9.705174775
Haiti,2002,Developing,59.3,8834733,0.444,8,9.792801079
Haiti,2001,Developing,58.9,8692567,0.443,7.9,9.801538871
Haiti,2000,Developing,58.6,85492,0.439,7.8,9.833374473
Honduras,2015,Developing,74.6,896829,0.623,11.2,10.32180117
Honduras,2014,Developing,74.5,889216,0.618,11.4,10.29571076
Honduras,2013,Developing,74.3,8657785,0.614,11.6,10.26716537
Honduras,2012,Developing,74.1,855646,0.614,11.6,10.26784154
Honduras,2011,Developing,73.9,83516,0.611,11.7,10.24822532
Honduras,2010,Developing,73.6,8194778,0.606,11.5,10.19973721
Honduras,2009,Developing,73.4,83521,0.603,11.3,10.16398076
Honduras,2008,Developing,73.2,7872658,0.597,11.1,10.14244365
Honduras,2007,Developing,73,777972,0.59,10.9,10.09206266
Honduras,2006,Developing,72.8,754146,0.583,10.8,10.03812229
Honduras,2005,Developing,72.5,737343,0.577,10.6,9.98931687
Honduras,2004,Developing,72.2,724153,0.571,10.4,9.947889307
Honduras,2003,Developing,71.9,733821,0.566,10.3,9.915420486
Honduras,2002,Developing,71.6,6863157,0.561,10.1,9.89532614
Honduras,2001,Developing,71.3,669361,0.557,9.9,9.883727415
Honduras,2000,Developing,71,6524283,0.551,9.8,9.856525771
Hungary,2015,Developed,75.8,984328,0.834,15.6,11.09775737
Hungary,2014,Developed,75.6,9866468,0.834,15.8,11.14961533
Hungary,2013,Developed,75.5,989382,0.824,15.4,11.13240716
Hungary,2012,Developed,75,992362,0.823,15.4,11.10880264
Hungary,2011,Developed,74.8,9971727,0.821,15.4,11.15140909
Hungary,2010,Developed,74.5,123,0.817,15.3,11.12024064
Hungary,2009,Developed,74.2,12265,0.816,15.3,11.11663245
Hungary,2008,Developed,74.1,138188,0.812,15.3,11.19928407
Hungary,2007,Developed,73.5,15578,0.809,15.3,11.14651044
Hungary,2006,Developed,73.4,17137,0.802,15.2,11.06297328
Hungary,2005,Developed,72.9,18765,0.795,15,11.05345584
Hungary,2004,Developed,72.9,117146,0.793,15.3,11.01709749
Hungary,2003,Developed,72.5,1129552,0.784,14.9,10.93039101
Hungary,2002,Developed,72.5,115868,0.775,14.6,10.83018092
Hungary,2001,Developed,72.3,1187576,0.769,14.2,10.73078283
Hungary,2000,Developed,71.7,121971,0.761,13.9,10.67464031
Iceland,2015,Developed,82.7,33815,0.919,19,10.24798521
Iceland,2014,Developed,82.5,327386,0.915,19,10.25652974
Iceland,2013,Developed,82.4,323764,0.907,19,10.21070154
Iceland,2012,Developed,82.5,32716,0.901,18.7,10.17445982
Iceland,2011,Developed,82.1,31914,0.894,18.6,10.18735165
Iceland,2010,Developed,81.8,31841,0.894,18.4,10.14372383
Iceland,2009,Developed,81.6,318499,0.894,18.4,10.12098644
Iceland,2008,Developed,81.4,317414,0.892,18.2,10.2612134
Iceland,2007,Developed,81.3,311566,0.887,18.2,10.34163451
Iceland,2006,Developed,81.1,33782,0.884,18.1,10.2472771
Iceland,2005,Developed,81,296734,0.879,17.9,10.23417322
Iceland,2004,Developed,88,29274,0.873,18.3,10.14500807
Iceland,2003,Developed,87,289521,0.866,17.6,10.06313391
Iceland,2002,Developed,84,287523,0.859,17.2,9.97387566
Iceland,2001,Developed,80,284968,0.854,17.1,9.920300861
Iceland,2000,Developed,79.7,28125,0.847,16.8,9.960954222
India,2015,Developing,68.3,1395398,0.615,11.6,12.32296076
India,2014,Developing,68,1293859294,0.607,11.6,12.30944416
India,2013,Developing,67.6,127856227,0.599,11.5,12.26874677
India,2012,Developing,67.3,126365852,0.59,11.3,12.26189008
India,2011,Developing,66.8,124723629,0.58,10.8,12.26079902
India,2010,Developing,66.4,12398691,0.569,10.4,12.22417437
India,2009,Developing,66,121427132,0.563,10.5,12.12771627
India,2008,Developing,65.5,119714696,0.556,10.2,12.0787812
India,2007,Developing,65.2,1179681239,0.546,9.9,12.08519651
India,2006,Developing,64.8,1161977719,0.536,9.7,11.97324791
India,2005,Developing,64.4,1144118674,0.526,9.4,11.91401706
India,2004,Developing,64,1126135777,0.518,9.2,11.85073978
India,2003,Developing,63.7,11827848,0.505,8.6,11.78368973
India,2002,Developing,63.3,18987112,0.499,8.4,11.7117559
India,2001,Developing,62.9,171477855,0.494,8.3,11.68613568
India,2000,Developing,62.5,1535912,0.489,8.3,11.67061273
Indonesia,2015,Developing,69.1,258162113,0.686,12.9,11.93492962
Indonesia,2014,Developing,68.9,255131116,0.682,12.9,11.9497874
Indonesia,2013,Developing,68.7,25232263,0.677,12.9,11.96024436
Indonesia,2012,Developing,68.5,248883232,0.669,12.6,11.96278113
Indonesia,2011,Developing,68.3,24577511,0.662,12.3,11.95083643
Indonesia,2010,Developing,68.1,242524123,0.656,12.1,11.87800111
Indonesia,2009,Developing,67.9,23934478,0.645,11.7,11.73205591
Indonesia,2008,Developing,67.7,236159276,0.641,11.7,11.70776483
Indonesia,2007,Developing,67.5,232989141,0.638,11,11.63570158
Indonesia,2006,Developing,67.3,22983822,0.632,10.9,11.56178154
Indonesia,2005,Developing,67.2,22671273,0.629,11.1,11.45616648
Indonesia,2004,Developing,65.3,223614649,0.624,11,11.40965738
Indonesia,2003,Developing,66.9,22545214,0.613,10.8,11.37064716
Indonesia,2002,Developing,66.7,2175859,0.608,10.6,11.29150341
Indonesia,2001,Developing,66.5,2145652,0.604,10.6,11.20533146
Indonesia,2000,Developing,66.3,21154429,0.597,10.7,11.21753925
Iran (Islamic Republic of),2015,Developing,75.5,,0.774,14.8,11.6119268
Iran (Islamic Republic of),2014,Developing,75.4,,0.77,14.9,11.66490961
Iran (Islamic Republic of),2013,Developing,75.3,,0.769,15,11.69931716
Iran (Islamic Republic of),2012,Developing,75.1,,0.755,13.6,11.80889889
Iran (Islamic Republic of),2011,Developing,74.7,,0.745,13.1,11.79870744
Iran (Islamic Republic of),2010,Developing,74.1,,0.735,12.9,11.687591
Iran (Islamic Republic of),2009,Developing,73.3,,0.728,12.8,11.61706233
Iran (Islamic Republic of),2008,Developing,72.7,,0.716,12.1,11.60860192
Iran (Islamic Republic of),2007,Developing,72.4,,0.704,11.8,11.54374107
Iran (Islamic Republic of),2006,Developing,72.2,,0.692,11.4,11.42423165
Iran (Islamic Republic of),2005,Developing,72,,0.687,11.4,11.35212533
Iran (Islamic Republic of),2004,Developing,71.8,,0.686,11.8,11.27359052
Iran (Islamic Republic of),2003,Developing,75,,0.679,11.8,11.18158986
Iran (Islamic Republic of),2002,Developing,71.2,,0.674,11.9,11.10933186
Iran (Islamic Republic of),2001,Developing,78,,0.666,11.6,11.10338889
Iran (Islamic Republic of),2000,Developing,73,,0.66,11.6,11.03977769
Iraq,2015,Developing,68.9,36115649,0.649,10.1,11.22212862
Iraq,2014,Developing,67.9,3568,0.658,10.1,11.35872587
Iraq,2013,Developing,69.5,33883145,0.659,10.3,11.37039775
Iraq,2012,Developing,76,32776571,0.656,10.5,11.33846143
Iraq,2011,Developing,77,3172753,0.649,10.4,11.26892804
Iraq,2010,Developing,76,376271,0.646,10.4,11.14150221
Iraq,2009,Developing,74,29894652,0.643,10.3,11.04788821
Iraq,2008,Developing,69.3,29111417,0.638,10.3,11.11930352
Iraq,2007,Developing,65.9,2839433,0.636,10.2,10.94859416
Iraq,2006,Developing,64.7,27697912,0.631,10.2,10.81389477
Iraq,2005,Developing,66.8,278426,0.628,10.1,10.69953513
Iraq,2004,Developing,67.2,2631669,0.603,9.8,10.56388042
Iraq,2003,Developing,66.5,25627626,0.616,9.4,10.34087164
Iraq,2002,Developing,74,24939299,0.614,9.1,10.51757135
Iraq,2001,Developing,72,24251649,0.607,8.7,10.55842571
Iraq,2000,Developing,70,23565413,0.603,8.6,10.68452447
Ireland,2015,Developed,81.4,4676835,0.92,18.6,11.48015272
Ireland,2014,Developed,81.2,4617225,0.91,18.6,11.42568164
Ireland,2013,Developed,81,4598294,0.902,18.6,11.38547086
Ireland,2012,Developed,85,4586897,0.895,18.5,11.35587627
Ireland,2011,Developed,84,4576794,0.909,18.5,11.38197356
Ireland,2010,Developed,86,456155,0.907,18.2,11.34582999
Ireland,2009,Developed,79.7,4535375,0.909,17.9,11.37372667
Ireland,2008,Developed,79.8,4489544,0.908,17.9,11.44003879
Ireland,2007,Developed,79.5,4398942,0.902,17.6,11.43149127
Ireland,2006,Developed,79,4273591,0.896,17.6,11.36582596
Ireland,2005,Developed,78.7,4159914,0.889,17.5,11.32608379
Ireland,2004,Developed,78.3,47262,0.88,17.1,11.28863396
Ireland,2003,Developed,78,3996521,0.87,16.8,11.21661652
Ireland,2002,Developed,77.4,3931947,0.862,16.5,11.10922758
Ireland,2001,Developed,77,3866243,0.857,16.4,11.03880556
Ireland,2000,Developed,76.4,385174,0.848,16.2,11.00090071
Israel,2015,Developing,82.5,8381,0.898,16,11.48211495
Israel,2014,Developing,82.2,82157,0.895,16,11.49833411
Israel,2013,Developing,82.1,8595,0.891,15.9,11.47491243
Israel,2012,Developing,81.8,7915,0.889,15.9,11.42092757
Israel,2011,Developing,81.8,77658,0.883,15.8,11.42828871
Israel,2010,Developing,81.7,76236,0.878,15.7,11.37963005
Israel,2009,Developing,81.5,74856,0.876,15.6,11.32920089
Israel,2008,Developing,81,7388,0.877,15.8,11.34484728
Israel,2007,Developing,84,7181,0.872,15.7,11.26642272
Israel,2006,Developing,84,7537,0.87,15.7,11.20112539
Israel,2005,Developing,80,6931,0.866,15.8,11.16885067
Israel,2004,Developing,81,689,0.863,15.9,11.14627686
Israel,2003,Developing,79.7,66897,0.863,16,11.11862483
Israel,2002,Developing,79.3,657,0.855,15.3,11.09806312
Israel,2001,Developing,79.3,6439,0.85,15.1,11.13034033
Israel,2000,Developing,78.9,6289,0.845,15.2,11.13517179
Italy,2015,Developed,82.7,673582,0.881,16.3,12.26609712
Italy,2014,Developed,82.5,678914,0.877,16.3,12.33711079
Italy,2013,Developed,82.3,6233948,0.876,16.5,12.33308953
Italy,2012,Developed,82,59539717,0.877,16.6,12.32179089
Italy,2011,Developed,82,59379449,0.872,16.4,12.3630427
Italy,2010,Developed,81.8,59277417,0.869,16.4,12.33141439
Italy,2009,Developed,81.6,5995365,0.868,16.3,12.34429092
Italy,2008,Developed,81.5,58826731,0.866,16.3,12.38336799
Italy,2007,Developed,81.3,5843831,0.862,16.1,12.34684648
Italy,2006,Developed,81.2,58143979,0.856,16,12.29193769
Italy,2005,Developed,88,57969484,0.851,15.8,12.27067471
Italy,2004,Developed,89,57685327,0.846,15.6,12.25835199
Italy,2003,Developed,79.9,5731323,0.841,15.4,12.19946171
Italy,2002,Developed,80,57597,0.836,15.2,12.10780206
Italy,2001,Developed,79.8,569741,0.828,14.9,12.06894299
Italy,2000,Developed,79.4,5694218,0.823,14.8,12.06056994
Jamaica,2015,Developing,76.2,2871934,0.729,12.8,10.1750358
Jamaica,2014,Developing,75.8,286287,0.727,12.8,10.14299036
Jamaica,2013,Developing,75.6,285187,0.727,12.8,10.15424758
Jamaica,2012,Developing,75.3,284992,0.725,12.8,10.17046962
Jamaica,2011,Developing,75.2,2829493,0.722,12.8,10.15970737
Jamaica,2010,Developing,75,281721,0.721,12.7,10.12124952
Jamaica,2009,Developing,74.7,28482,0.721,12.7,10.08351904
Jamaica,2008,Developing,74.5,279122,0.718,12.6,10.1370185
Jamaica,2007,Developing,74.2,2775467,0.714,12.5,10.1071964
Jamaica,2006,Developing,74,276279,0.709,12.5,10.07664696
Jamaica,2005,Developing,73.5,2744673,0.706,12.4,10.05091565
Jamaica,2004,Developing,73.3,2728777,0.689,11.1,10.00752011
Jamaica,2003,Developing,73.1,2712511,0.694,11.9,9.974522507
Jamaica,2002,Developing,73,2695446,0.69,11.7,9.987622006
Jamaica,2001,Developing,72.7,267711,0.68,10.9,9.963538878
Jamaica,2000,Developing,72.6,2656864,0.682,11.4,9.954486827
Japan,2015,Developed,83.7,127141,0.902,15.3,12.64786499
Japan,2014,Developed,83.5,127276,0.899,15.3,12.68992961
Japan,2013,Developed,83.5,127445,0.894,15.3,12.71703175
Japan,2012,Developed,83.3,127629,0.889,15.3,12.79743118
Japan,2011,Developed,82.5,127833,0.884,15.1,12.79470738
Japan,2010,Developed,83,1287,0.879,15.1,12.76035249
Japan,2009,Developed,83,12847,0.881,15,12.72341406
Japan,2008,Developed,82.7,12863,0.88,15,12.70813857
Japan,2007,Developed,82.6,1281,0.877,15,12.66084186
Japan,2006,Developed,82.4,127854,0.873,14.9,12.66291482
Japan,2005,Developed,82,127773,0.87,14.9,12.68407902
Japan,2004,Developed,82.1,127761,0.866,14.8,12.68958551
Japan,2003,Developed,81.9,127718,0.863,14.8,12.65509631
Japan,2002,Developed,81.8,127445,0.86,14.7,12.62147188
Japan,2001,Developed,81.5,127149,0.856,14.6,12.64094944
Japan,2000,Developed,81.1,126843,0.852,14.5,12.69621298
Jordan,2015,Developing,74.1,915932,0.741,13.1,10.58644122
Jordan,2014,Developing,74,88936,0.737,13.1,10.56640972
Jordan,2013,Developing,73.9,8413464,0.737,13.1,10.5372452
Jordan,2012,Developing,73.7,7992573,0.735,12.9,10.50016182
Jordan,2011,Developing,73.6,7574943,0.737,13.1,10.47017739
Jordan,2010,Developing,73.4,718239,0.739,13.2,10.43351069
Jordan,2009,Developing,73.3,6821116,0.742,13.6,10.38983697
Jordan,2008,Developing,73.1,6489822,0.739,13.6,10.3552353
Jordan,2007,Developing,73,6193191,0.736,13.6,10.23326111
Jordan,2006,Developing,72.8,5934232,0.733,13.7,10.17773792
Jordan,2005,Developing,72.4,5714111,0.73,13.8,10.09999118
Jordan,2004,Developing,72.5,5535595,0.723,13.5,10.0573506
Jordan,2003,Developing,72.3,5396774,0.717,13.2,10.00841397
Jordan,2002,Developing,72.1,5287488,0.712,13,9.981479307
Jordan,2001,Developing,71.9,5193482,0.706,12.7,9.953073876
Jordan,2000,Developing,71.7,51313,0.7,12.6,9.927410908
Kazakhstan,2015,Developing,72,17544126,0.793,15,11.26573361
Kazakhstan,2014,Developing,69.9,17289224,0.789,15,11.34520824
Kazakhstan,2013,Developing,69.5,1735275,0.782,15,11.37407825
Kazakhstan,2012,Developing,69.1,16791425,0.774,14.7,11.31806035
Kazakhstan,2011,Developing,68.5,165566,0.766,14.4,11.28471595
Kazakhstan,2010,Developing,67.8,16321581,0.763,14.5,11.17040063
Kazakhstan,2009,Developing,67.8,169271,0.758,14.6,11.06186203
Kazakhstan,2008,Developing,66.6,15674,0.758,14.6,11.1252914
Kazakhstan,2007,Developing,65.3,15484192,0.754,14.7,11.02056808
Kazakhstan,2006,Developing,65,153884,0.747,14.3,10.90850574
Kazakhstan,2005,Developing,64.6,1514729,0.737,13.9,10.75681611
Kazakhstan,2004,Developing,64.7,1512985,0.725,13.5,10.63499738
Kazakhstan,2003,Developing,64.4,149918,0.714,13.1,10.48902554
Kazakhstan,2002,Developing,64.7,14858948,0.7,12.7,10.39158075
Kazakhstan,2001,Developing,64.4,14858335,0.685,12.3,10.34542645
Kazakhstan,2000,Developing,63.9,14883626,0.676,12.1,10.26226097
Kenya,2015,Developing,63.4,47236259,0.55,11.1,10.84584468
Kenya,2014,Developing,62.9,462425,0.546,11.1,10.83433038
Kenya,2013,Developing,62.6,44826849,0.541,11.1,10.79008409
Kenya,2012,Developing,62.1,43646629,0.536,11.1,10.75125373
Kenya,2011,Developing,61.2,42486839,0.53,11.1,10.67089007
Kenya,2010,Developing,63,4135152,0.523,11.1,10.65710956
Kenya,2009,Developing,59.1,423724,0.514,10.7,10.62682488
Kenya,2008,Developing,57.9,39148416,0.506,10.4,10.55503581
Kenya,2007,Developing,56.8,388599,0.494,10.1,10.50458224
Kenya,2006,Developing,55.3,37525,0.483,9.7,10.41204895
Kenya,2005,Developing,54.1,3648288,0.474,9.6,10.27272081
Kenya,2004,Developing,53,3574931,0.461,8.9,10.20670008
Kenya,2003,Developing,52.4,3413852,0.45,8.2,10.17331793
Kenya,2002,Developing,52.1,332149,0.451,8.5,10.118851
Kenya,2001,Developing,51.9,32321482,0.447,8.4,10.11347565
Kenya,2000,Developing,51.9,3145483,0.448,8.4,10.10398664
Kiribati,2015,Developing,66.3,11247,0.586,11.9,8.282303465
Kiribati,2014,Developing,66.1,11458,0.597,11.9,8.301653373
Kiribati,2013,Developing,65.8,18535,0.589,11.9,8.304772342
Kiribati,2012,Developing,65.7,16613,0.581,11.9,8.315973589
Kiribati,2011,Developing,65.5,14656,0.585,11.9,8.292189903
Kiribati,2010,Developing,65.3,12652,0.584,11.9,8.218688907
Kiribati,2009,Developing,65.2,1568,0.576,11.9,8.146677951
Kiribati,2008,Developing,65.1,9844,0.572,11.6,8.1673702
Kiribati,2007,Developing,65,96311,0.574,11.8,8.140051969
Kiribati,2006,Developing,65,9426,0.576,12.1,8.050528053
Kiribati,2005,Developing,64.9,92325,0,12.2,8.056506326
Kiribati,2004,Developing,64.8,9542,0,12.4,8.017391869
Kiribati,2003,Developing,64.7,88895,0,11.6,7.982748782
Kiribati,2002,Developing,64.6,87343,0,11.7,7.873575575
Kiribati,2001,Developing,64.3,85858,0,10.4,7.812484531
Kiribati,2000,Developing,64.1,8446,0,10,7.874542854
Kuwait,2015,Developing,74.7,,0.799,13.3,11.05912988
Kuwait,2014,Developing,74.6,,0.787,13,11.21125527
Kuwait,2013,Developing,74.5,,0.796,13.1,11.24096866
Kuwait,2012,Developing,74.3,,0.794,13.2,11.2406682
Kuwait,2011,Developing,74.2,,0.792,13.4,11.18763134
Kuwait,2010,Developing,74,,0.79,13.5,11.06226694
Kuwait,2009,Developing,73.9,,0.788,13.6,11.02517757
Kuwait,2008,Developing,73.8,,0.787,13.8,11.16843778
Kuwait,2007,Developing,73.7,,0.787,13.9,11.05931361
Kuwait,2006,Developing,73.6,,0.787,14.1,11.00671128
Kuwait,2005,Developing,73.6,,0.789,14.2,10.907404
Kuwait,2004,Developing,73.5,,0.791,14.4,10.77407216
Kuwait,2003,Developing,73.4,,0.788,14.1,10.680105
Kuwait,2002,Developing,73.3,,0.785,13.9,10.58133273
Kuwait,2001,Developing,73.2,,0.786,14,10.54269549
Kuwait,2000,Developing,73.2,,0.786,14.1,10.57655722
Kyrgyzstan,2015,Developing,71.1,,0.662,13,9.824657959
Kyrgyzstan,2014,Developing,78,,0.656,12.8,9.873210265
Kyrgyzstan,2013,Developing,77,,0.647,12.5,9.865402119
Kyrgyzstan,2012,Developing,69.9,,0.638,12.3,9.819882217
Kyrgyzstan,2011,Developing,69.4,,0.632,12.1,9.792235174
Kyrgyzstan,2010,Developing,68.8,,0.631,12.2,9.68073081
Kyrgyzstan,2009,Developing,68.5,,0.629,12.4,9.671178527
Kyrgyzstan,2008,Developing,67.6,,0.624,12.6,9.710959647
Kyrgyzstan,2007,Developing,67.2,,0.618,12.6,9.580077281
Kyrgyzstan,2006,Developing,66.7,,0.613,12.5,9.452425726
Kyrgyzstan,2005,Developing,66.9,,0.612,12.4,9.39097867
Kyrgyzstan,2004,Developing,67.1,,0.609,12.5,9.344693735
Kyrgyzstan,2003,Developing,66.6,,0.602,12.2,9.283076806
Kyrgyzstan,2002,Developing,66.7,,0.601,12.1,9.205649019
Kyrgyzstan,2001,Developing,67.2,,0.593,11.8,9.183302983
Kyrgyzstan,2000,Developing,66.6,,0.586,11.4,9.136621809
Lao People's Democratic Republic,2015,Developing,65.7,,0.582,10.8,10.15915737
Lao People's Democratic Republic,2014,Developing,65.3,,0.573,10.6,10.12317341
Lao People's Democratic Republic,2013,Developing,64.9,,0.563,10.4,10.07857472
Lao People's Democratic Republic,2012,Developing,64.4,,0.554,10.2,10.00829548
Lao People's Democratic Republic,2011,Developing,64,,0.542,9.9,9.942013246
Lao People's Democratic Republic,2010,Developing,63.6,,0.535,9.6,9.85319739
Lao People's Democratic Republic,2009,Developing,63.1,,0.525,9.4,9.766125503
Lao People's Democratic Republic,2008,Developing,62.6,,0.518,9.2,9.736112178
Lao People's Democratic Republic,2007,Developing,62.1,,0.509,9,9.625636789
Lao People's Democratic Republic,2006,Developing,61.5,,0.503,9,9.53845183
Lao People's Democratic Republic,2005,Developing,61,,0.494,8.7,9.437046044
Lao People's Democratic Republic,2004,Developing,64,,0.485,8.6,9.374087812
Lao People's Democratic Republic,2003,Developing,59.8,,0.477,8.3,9.30606552
Lao People's Democratic Republic,2002,Developing,59.3,,0.468,8,9.245062509
Lao People's Democratic Republic,2001,Developing,58.7,,0.463,8,9.247634301
Lao People's Democratic Republic,2000,Developing,58.1,,0.459,8,9.238346747
Latvia,2015,Developed,74.6,1977527,0.828,16,10.42069105
Latvia,2014,Developed,74.4,1993782,0.822,16,10.48111576
Latvia,2013,Developed,74.1,212647,0.814,15.4,10.46467026
Latvia,2012,Developed,73.8,234319,0.812,15.5,10.43322803
Latvia,2011,Developed,73.6,25979,0.81,15.8,10.42448223
Latvia,2010,Developed,72.8,297555,0.815,16,10.37048209
Latvia,2009,Developed,72.6,2141669,0.821,16.4,10.40978998
Latvia,2008,Developed,71.9,2177322,0.819,16.3,10.53320246
Latvia,2007,Developed,78,22325,0.814,16.2,10.46865004
Latvia,2006,Developed,75,2218357,0.807,16.2,10.31037299
Latvia,2005,Developed,76,2238799,0.791,15.9,10.21237236
Latvia,2004,Developed,71,2263122,0.776,15.5,10.14073017
Latvia,2003,Developed,78,2287955,0.761,15.2,10.05093388
Latvia,2002,Developed,73,231173,0.746,14.8,9.966096199
Latvia,2001,Developed,69.9,233717,0.728,14.2,9.913331027
Latvia,2000,Developed,71,236755,0.716,13.7,9.889931819
Lebanon,2015,Developing,74.9,5851479,0.763,13.3,10.69835581
Lebanon,2014,Developing,74.8,563279,0.763,13.3,10.68210186
Lebanon,2013,Developing,74.9,527612,0.766,13.3,10.67098856
Lebanon,2012,Developing,75,491644,0.763,13.3,10.64361846
Lebanon,2011,Developing,75,4588368,0.758,13.2,10.60126805
Lebanon,2010,Developing,74.9,4337141,0.752,13.3,10.58482752
Lebanon,2009,Developing,74.7,4183156,0.746,13.2,10.54899815
Lebanon,2008,Developing,74.5,411147,0.74,13.1,10.46417521
Lebanon,2007,Developing,74.4,486466,0.731,12.9,10.39493045
Lebanon,2006,Developing,74.1,45735,0.733,13.2,10.34287076
Lebanon,2005,Developing,73.9,3986852,0,13.7,10.33238465
Lebanon,2004,Developing,73.7,3863267,0,14.2,10.32551213
Lebanon,2003,Developing,73.5,371464,0,14.8,10.30282683
Lebanon,2002,Developing,73.2,3522837,0,15.2,10.28221955
Lebanon,2001,Developing,73,3359859,0,15,10.24673859
Lebanon,2000,Developing,72.7,3235366,0,14.9,10.23704997
Lesotho,2015,Developing,53.7,2174645,0.495,10.7,9.372854349
Lesotho,2014,Developing,52.1,2145785,0.491,10.8,9.387578998
Lesotho,2013,Developing,52.1,2117361,0.484,11.1,9.374218978
Lesotho,2012,Developing,52.2,289928,0.479,11,9.394049109
Lesotho,2011,Developing,52.3,264166,0.469,11,9.411520315
Lesotho,2010,Developing,51.1,24551,0.464,10.9,9.34922977
Lesotho,2009,Developing,49.4,21929,0.453,10.8,9.240772569
Lesotho,2008,Developing,47.8,199993,0.447,10.7,9.247212637
Lesotho,2007,Developing,46.2,1982287,0.44,10.6,9.225860017
Lesotho,2006,Developing,45.3,1965662,0.437,10.7,9.255294838
Lesotho,2005,Developing,44.5,1949543,0.437,10.7,9.225914682
Lesotho,2004,Developing,44.8,1933728,0.439,10.7,9.179332479
Lesotho,2003,Developing,45.5,191897,0.44,10.5,9.063643086
Lesotho,2002,Developing,46.4,192312,0.446,10.4,8.889737033
Lesotho,2001,Developing,47.8,1885955,0.443,10.3,8.916825946
Lesotho,2000,Developing,49.3,1868699,0.445,9.6,8.948066413
Liberia,2015,Developing,61.4,4499621,0.427,9.9,9.508809153
Liberia,2014,Developing,58.1,439737,0.426,9.9,9.508617512
Liberia,2013,Developing,61.1,4286291,0.419,9.8,9.502044294
Liberia,2012,Developing,67,4181563,0.416,9.6,9.445855368
Liberia,2011,Developing,62,47167,0.406,9.5,9.379849179
Liberia,2010,Developing,59.7,3948125,0.403,9.6,9.300595484
Liberia,2009,Developing,59.2,3811528,0.4,9.7,9.247482261
Liberia,2008,Developing,58.6,3662993,0.394,9.8,9.237040791
Liberia,2007,Developing,57.9,3512932,0.383,9.9,9.137670537
Liberia,2006,Developing,56.7,3375838,0.377,10,9.048830087
Liberia,2005,Developing,55.3,326123,0.372,10.1,8.977266212
Liberia,2004,Developing,54,3176414,0.335,10.2,8.952792443
Liberia,2003,Developing,50,3116233,0.373,10.3,8.873901598
Liberia,2002,Developing,56,362863,0.376,10.4,8.967079734
Liberia,2001,Developing,51.5,2991132,0.386,10.5,8.957128198
Liberia,2000,Developing,51.9,2884522,0.338,8.7,8.941511433
Libya,2015,Developing,72.7,,0.719,13.4,10.68768501
Libya,2014,Developing,72.4,,0.73,13.4,10.75870268
Libya,2013,Developing,72.9,,0.735,13.4,10.87708964
Libya,2012,Developing,72.9,,0.706,13.7,10.9663339
Libya,2011,Developing,71.3,,0.756,14,10.68277
Libya,2010,Developing,72.8,,0.755,14.3,10.87726089
Libya,2009,Developing,72.7,,0.757,14.6,10.78396473
Libya,2008,Developing,72.6,,0.757,14.8,10.93807303
Libya,2007,Developing,72.5,,0.756,15.1,10.83271948
Libya,2006,Developing,72.2,,0.752,15.4,10.77883279
Libya,2005,Developing,71.9,,0.748,15.7,10.67517955
Libya,2004,Developing,71.5,,0.747,15.9,10.52012059
Libya,2003,Developing,71.3,,0.74,16,10.41938774
Libya,2002,Developing,71.1,,0.736,15.8,10.31137002
Libya,2001,Developing,71,,0.732,15.7,10.53290838
Libya,2000,Developing,78,,0.727,15.5,10.58286929
Lithuania,2015,Developed,73.6,29491,0.846,16.5,10.61847647
Lithuania,2014,Developed,73.4,2932367,0.841,16.5,10.68400599
Lithuania,2013,Developed,73,2957689,0.834,16.4,10.66561532
Lithuania,2012,Developed,73,2987773,0.83,16.5,10.63052319
Lithuania,2011,Developed,72.8,328115,0.826,16.7,10.63534803
Lithuania,2010,Developed,72.4,397282,0.824,16.8,10.56393328
Lithuania,2009,Developed,72.2,3162916,0.825,16.6,10.57396618
Lithuania,2008,Developed,71.1,3198231,0.82,16.5,10.67971177
Lithuania,2007,Developed,72,3231294,0.812,16.4,10.59910929
Lithuania,2006,Developed,76,326999,0.807,16.4,10.47880007
Lithuania,2005,Developed,78,3322528,0.798,16.2,10.41672714
Lithuania,2004,Developed,71.6,337775,0.792,16.3,10.35685089
Lithuania,2003,Developed,71.6,3415213,0.78,15.8,10.27437028
Lithuania,2002,Developed,71.4,344367,0.77,15.3,10.15479793
Lithuania,2001,Developed,71.2,347818,0.757,14.7,10.08851744
Lithuania,2000,Developed,71.6,3499536,0.745,14,10.06260814
Luxembourg,2015,Developed,82,56964,0.896,13.9,10.77866909
Luxembourg,2014,Developed,81.7,556319,0.892,13.9,10.83761881
Luxembourg,2013,Developed,81.4,54336,0.892,13.9,10.81426942
Luxembourg,2012,Developed,81.1,53946,0.892,13.9,10.77652964
Luxembourg,2011,Developed,88,518347,0.894,13.9,10.79025899
Luxembourg,2010,Developed,86,56953,0.884,13.7,10.74984438
Luxembourg,2009,Developed,83,497783,0.888,13.5,10.73613577
Luxembourg,2008,Developed,80,48865,0.887,13.5,10.76970424
Luxembourg,2007,Developed,79.7,479993,0.877,13.5,10.71254365
Luxembourg,2006,Developed,79.4,472637,0.88,13.5,10.63256
Luxembourg,2005,Developed,78.8,465158,0.874,13.5,10.57602191
Luxembourg,2004,Developed,78.7,45895,0.867,13.5,10.54487191
Luxembourg,2003,Developed,78.6,45163,0.865,13.6,10.47227756
Luxembourg,2002,Developed,78.3,446175,0.86,13.5,10.37382808
Luxembourg,2001,Developed,78,441525,0.854,13.4,10.33016071
Luxembourg,2000,Developed,77.8,4363,0.848,13.5,10.32695374
Madagascar,2015,Developing,65.5,2423488,0.511,10.3,10.0539623
Madagascar,2014,Developing,65.1,2358981,0.509,10.3,10.0977069
Madagascar,2013,Developing,64.7,22961146,0.508,10.3,10.0942459
Madagascar,2012,Developing,64.3,22346573,0.506,10.2,10.06367012
Madagascar,2011,Developing,63.8,21743949,0.504,10.2,10.0626504
Madagascar,2010,Developing,63.3,2115164,0.503,10.2,9.999248513
Madagascar,2009,Developing,62.8,2569121,0.5,9.7,9.98303417
Madagascar,2008,Developing,62.3,19996469,0.491,9.4,10.03040288
Madagascar,2007,Developing,61.9,19433523,0.483,9.1,9.930675074
Madagascar,2006,Developing,61.4,1888268,0.478,9,9.805888932
Madagascar,2005,Developing,69,18336724,0.473,8.9,9.767843493
Madagascar,2004,Developing,64,1782997,0.466,8.7,9.704556523
Madagascar,2003,Developing,59.9,17279141,0.457,8.5,9.804309768
Madagascar,2002,Developing,59.3,16765117,0.462,8.3,9.728491895
Madagascar,2001,Developing,58.7,1626932,0.456,8.2,9.735465765
Madagascar,2000,Developing,57.9,1576686,0,8,9.665510373
Malawi,2015,Developing,58.3,1757367,0.473,10.8,9.964706162
Malawi,2014,Developing,57.6,1768838,0.466,10.7,9.944548116
Malawi,2013,Developing,56.7,16577147,0.459,10.7,9.904800553
Malawi,2012,Developing,55.3,169735,0.454,10.7,9.943158187
Malawi,2011,Developing,54.1,15627618,0.444,10.6,10.06625669
Malawi,2010,Developing,52.9,1516795,0.43,10.2,10.00553754
Malawi,2009,Developing,51.5,1471462,0.415,9.9,9.95471939
Malawi,2008,Developing,50,14271234,0.4,9.6,9.888943884
Malawi,2007,Developing,48.5,1384969,0.387,9.7,9.809641194
Malawi,2006,Developing,47.1,13429262,0.377,9.6,9.764794598
Malawi,2005,Developing,46,1339711,0.371,9.7,9.725945073
Malawi,2004,Developing,45.1,1267638,0.366,10,9.704041187
Malawi,2003,Developing,44.6,12336687,0.362,10.3,9.669297286
Malawi,2002,Developing,44,1213711,0.388,10.4,9.706489777
Malawi,2001,Developing,43.5,11695863,0.387,10.1,9.39759394
Malawi,2000,Developing,43.1,11376172,0.391,10.7,9.404373117
Malaysia,2015,Developing,75,3723155,0.787,13.1,11.47907879
Malaysia,2014,Developing,74.8,322817,0.783,13,11.52900162
Malaysia,2013,Developing,74.6,2976724,0.779,12.9,11.50957378
Malaysia,2012,Developing,74.5,2917456,0.776,12.9,11.497542
Malaysia,2011,Developing,74.3,28635128,0.774,13,11.47414582
Malaysia,2010,Developing,74.1,28112289,0.764,12.8,11.40657022
Malaysia,2009,Developing,74,2765383,0.756,12.6,11.30590453
Malaysia,2008,Developing,73.8,2711169,0.747,12.5,11.36325766
Malaysia,2007,Developing,73.7,26625845,0.736,12.3,11.28679221
Malaysia,2006,Developing,73.6,26143566,0.732,12.7,11.21136689
Malaysia,2005,Developing,73.4,25659393,0.734,12.9,11.15695602
Malaysia,2004,Developing,73.2,2517419,0.731,12.7,11.09603872
Malaysia,2003,Developing,73.1,2468873,0.724,12.1,11.04219093
Malaysia,2002,Developing,72.9,24198811,0.723,12,11.00365664
Malaysia,2001,Developing,72.7,2369897,0.725,11.9,10.96747285
Malaysia,2000,Developing,72.4,2318568,0.715,11.6,10.97215532
Maldives,2015,Developing,78.5,49163,0.701,12.7,9.61589803
Maldives,2014,Developing,78.2,41,0.693,12.7,9.567890921
Maldives,2013,Developing,77.9,393,0.683,12.4,9.517856636
Maldives,2012,Developing,77.6,385,0.675,12.1,9.460321005
Maldives,2011,Developing,77.3,377,0.663,11.8,9.443161286
Maldives,2010,Developing,76.7,367,0.653,11.6,9.412993815
Maldives,2009,Developing,76.3,36,0.651,11.8,9.370197455
Maldives,2008,Developing,75.9,362,0.641,11.8,9.35634069
Maldives,2007,Developing,75.4,349,0.632,11.9,9.271466014
Maldives,2006,Developing,75,333,0.622,12,9.197335811
Maldives,2005,Developing,74.3,321,0.625,12.1,9.065715037
Maldives,2004,Developing,73.4,312,0.617,12.2,9.088784232
Maldives,2003,Developing,72.7,34,0.601,11.8,9.022065712
Maldives,2002,Developing,71.8,297,0.597,12,8.952807573
Maldives,2001,Developing,78,292,0.587,11.8,8.939535065
Maldives,2000,Developing,69.6,286,0.577,11.3,8.795419174
Mali,2015,Developing,58.2,1746795,0.438,8.4,10.19265612
Mali,2014,Developing,57.8,16962846,0.43,8.2,10.23253063
Mali,2013,Developing,57.3,16477818,0.421,8,10.19720314
Mali,2012,Developing,57.2,16667,0.411,7.7,10.17011833
Mali,2011,Developing,56.8,1554989,0.404,7.5,10.18900695
Mali,2010,Developing,56.5,157585,0.396,7.3,10.10417081
Mali,2009,Developing,56,1466597,0.385,7.1,10.08476275
Mali,2008,Developing,55.5,14138216,0.36,5.8,10.059279
Mali,2007,Developing,55,1367566,0.363,6.4,9.986729084
Mali,2006,Developing,54.3,1322764,0.35,6.1,9.91444934
Mali,2005,Developing,53.6,12798763,0.338,5.8,9.870934272
Mali,2004,Developing,52.8,1239196,0.333,5.5,9.811961874
Mali,2003,Developing,52,125128,0.318,5.2,9.748623113
Mali,2002,Developing,51.2,11638929,0.308,4.9,9.667194939
Mali,2001,Developing,55,11293258,0.297,4.6,9.61534831
Mali,2000,Developing,49.8,196769,0.291,4.4,9.546736434
Malta,2015,Developed,81.7,431874,0.853,14.6,10.0546435
Malta,2014,Developed,81.4,427364,0.847,14.3,10.07511
Malta,2013,Developed,81.1,423374,0.828,14.2,10.03329436
Malta,2012,Developed,81,419455,0.821,14.1,9.982702241
Malta,2011,Developed,87,416268,0.826,14.8,9.990754375
Malta,2010,Developed,83,41458,0.819,14.6,9.958900303
Malta,2009,Developed,82,412477,0.815,14.4,9.941250266
Malta,2008,Developed,80,49379,0.813,14.6,9.960728493
Malta,2007,Developed,79.6,46724,0.808,14.4,9.898089303
Malta,2006,Developed,79.3,4538,0.809,14.8,9.829293401
Malta,2005,Developed,79,43834,0.805,14.8,9.805720668
Malta,2004,Developed,78.7,41268,0.797,14.2,9.785624594
Malta,2003,Developed,78.5,398582,0.79,13.8,9.733864268
Malta,2002,Developed,78.2,395969,0.786,13.8,9.648860129
Malta,2001,Developed,77.8,39328,0.783,13.7,9.609686928
Malta,2000,Developed,77.5,3987,0.779,13.8,9.606038289
Marshall Islands,2013,Developing,,,,0,8.270445908
Mauritania,2015,Developing,63.1,4182341,0.513,8.5,9.790064364
Mauritania,2014,Developing,63,46392,0.509,8.5,9.819052627
Mauritania,2013,Developing,62.7,394617,0.501,8.2,9.85872189
Mauritania,2012,Developing,62.5,383239,0.491,7.8,9.827899463
Mauritania,2011,Developing,62.2,3717672,0.487,7.7,9.830243903
Mauritania,2010,Developing,62,369543,0.484,7.6,9.750421897
Mauritania,2009,Developing,61.7,356288,0.476,7.1,9.673444442
Mauritania,2008,Developing,61.4,347541,0.475,7.2,9.716540634
Mauritania,2007,Developing,61.2,3312665,0.475,7.4,9.638110942
Mauritania,2006,Developing,69,322653,0.466,7.2,9.593239232
Mauritania,2005,Developing,66,31372,0.461,7.2,9.467758939
Mauritania,2004,Developing,64,342823,0.451,6.7,9.373372005
Mauritania,2003,Developing,63,2957117,0.447,6.6,9.311996915
Mauritania,2002,Developing,62,2873228,0.446,6.5,9.249701476
Mauritania,2001,Developing,61,279729,0.444,6.5,9.242060048
Mauritania,2000,Developing,60,279359,0.443,6.4,9.25030309
Mauritius,2015,Developing,74.6,126265,0.779,15.2,10.08501255
Mauritius,2014,Developing,74.2,126934,0.769,14.7,10.12157593
Mauritius,2013,Developing,74.1,1258653,0.765,14.7,10.0946317
Mauritius,2012,Developing,73.9,1255882,0.756,14.3,10.07307005
Mauritius,2011,Developing,73.6,125244,0.748,14.1,10.067358
Mauritius,2010,Developing,73.3,1254,0.74,14,10.0062399
Mauritius,2009,Developing,72.8,1247429,0.734,13.8,9.966822621
Mauritius,2008,Developing,72.7,1244121,0.728,13.6,10.00551413
Mauritius,2007,Developing,72.9,123963,0.72,13.5,9.917896194
Mauritius,2006,Developing,71.8,1233996,0.713,13.4,9.853558924
Mauritius,2005,Developing,72.1,1228254,0.704,13,9.817968967
Mauritius,2004,Developing,71.9,12213,0.696,12.8,9.823957732
Mauritius,2003,Developing,71.5,121337,0.687,12.6,9.770474521
Mauritius,2002,Developing,71.5,124621,0.683,12.5,9.690771294
Mauritius,2001,Developing,71.5,1196287,0.673,12.2,9.669851827
Mauritius,2000,Developing,71,1186873,0.667,12.1,9.674503699
Mexico,2015,Developing,76.7,12589949,0.758,13.3,12.08396622
Mexico,2014,Developing,76.6,1242216,0.754,13.1,12.134976
Mexico,2013,Developing,76.6,122535969,0.753,12.9,12.12301369
Mexico,2012,Developing,76.3,1282837,0.748,12.7,12.09868194
Mexico,2011,Developing,76.1,119917,0.745,12.6,12.08955673
Mexico,2010,Developing,75.6,117318941,0.739,12.5,12.04352898
Mexico,2009,Developing,75.7,11555228,0.738,12.5,11.9747131
Mexico,2008,Developing,75.6,11366189,0.735,12.3,12.0650392
Mexico,2007,Developing,76,111836346,0.731,12.3,12.04232169
Mexico,2006,Developing,75.8,1192378,0.723,12.2,12.00871301
Mexico,2005,Developing,75.3,18472228,0.719,12.2,11.96264008
Mexico,2004,Developing,75.4,16995583,0.714,12.1,11.91352735
Mexico,2003,Developing,75,1564453,0.708,11.9,11.88397354
Mexico,2002,Developing,75,1435568,0.703,11.6,11.90884202
Mexico,2001,Developing,75,136768,0.7,11.6,11.90094831
Mexico,2000,Developing,74.8,11719673,0.694,11.4,11.8704398
Micronesia (Federated States of),2015,Developing,69.4,,0.637,11.7,8.491606872
Micronesia (Federated States of),2014,Developing,69.4,,0.639,11.7,8.496921396
Micronesia (Federated States of),2013,Developing,69.2,,0.641,11.7,8.495278659
Micronesia (Federated States of),2012,Developing,69,,0.64,11.7,8.508984753
Micronesia (Federated States of),2011,Developing,68.9,,0.638,11.7,8.486854471
Micronesia (Federated States of),2010,Developing,68.7,,0.633,11.5,8.463353677
Micronesia (Federated States of),2009,Developing,68.5,,0.629,11.4,8.438786888
Micronesia (Federated States of),2008,Developing,68.4,,0.628,11.2,8.411829625
Micronesia (Federated States of),2007,Developing,68.2,,0.625,11,8.401419936
Micronesia (Federated States of),2006,Developing,68,,0.622,10.9,8.395472359
Micronesia (Federated States of),2005,Developing,67.9,,0.617,10.7,8.390767449
Micronesia (Federated States of),2004,Developing,67.7,,0.616,10.5,8.372061184
Micronesia (Federated States of),2003,Developing,67.5,,0.612,10.4,8.38192668
Micronesia (Federated States of),2002,Developing,66.2,,0.608,10.2,8.375945742
Micronesia (Federated States of),2001,Developing,67.2,,0.604,10.1,8.373624895
Micronesia (Federated States of),2000,Developing,67,,0,0,8.36100375
Monaco,2013,Developing,,,,,9.816611897
Mongolia,2015,Developing,68.8,2976877,0.733,14.8,10.06520211
Mongolia,2014,Developing,68.4,2923896,0.729,14.8,10.08730267
Mongolia,2013,Developing,68.1,286917,0.72,14.7,10.09975391
Mongolia,2012,Developing,67.8,2814226,0.712,14.7,10.08964978
Mongolia,2011,Developing,67.3,2761516,0.701,14.6,10.01744228
Mongolia,2010,Developing,66.3,271265,0.693,14.3,9.856697601
Mongolia,2009,Developing,66.9,2668289,0.686,13.8,9.661230432
Mongolia,2008,Developing,67.4,2628131,0.673,13.4,9.749984813
Mongolia,2007,Developing,65.9,259167,0.661,13,9.626853384
Mongolia,2006,Developing,65,255812,0.649,12.7,9.533270597
Mongolia,2005,Developing,64.5,2526446,0.637,11.8,9.401998422
Mongolia,2004,Developing,64,2496832,0.621,11.2,9.299303899
Mongolia,2003,Developing,64,2469286,0.609,10.5,9.202841645
Mongolia,2002,Developing,63.8,2443659,0.599,10.1,9.145058268
Mongolia,2001,Developing,63.2,2419776,0.588,9.4,9.103118546
Mongolia,2000,Developing,62.8,2397436,0.582,8.9,9.055720786
Montenegro,2015,Developing,76.1,622159,0.804,15.1,9.603240317
Montenegro,2014,Developing,75.9,62181,0.803,15.1,9.660831018
Montenegro,2013,Developing,75.8,62127,0.799,15.1,9.64562834
Montenegro,2012,Developing,75.6,6261,0.797,15.1,9.60978958
Montenegro,2011,Developing,75.4,6279,0.792,15.1,9.653899791
Montenegro,2010,Developing,75.3,619428,0.787,15,9.616678822
Montenegro,2009,Developing,75,618294,0.785,14.6,9.617277227
Montenegro,2008,Developing,74.6,616969,0.774,14.2,9.657138277
Montenegro,2007,Developing,74.2,615875,0.762,13.6,9.565601203
Montenegro,2006,Developing,73.8,61525,0.751,13.2,9.434201981
Montenegro,2005,Developing,73.6,614261,0.746,12.8,9.353565132
Montenegro,2004,Developing,73.5,613353,0.74,12.6,9.31664841
Montenegro,2003,Developing,73.5,612267,0,0,9.232414135
Montenegro,2002,Developing,73.4,69828,0,0,9.10879667
Montenegro,2001,Developing,73.3,67389,0,0,9.064409033
Montenegro,2000,Developing,73,6495,0,0,8.993124416
Morocco,2015,Developing,74.3,3483322,0.645,12.1,11.04302345
Morocco,2014,Developing,74.1,3431882,0.64,12.1,11.07602421
Morocco,2013,Developing,73.9,33824769,0.634,12.1,11.0634808
Morocco,2012,Developing,73.6,33333789,0.623,11.6,11.02912959
Morocco,2011,Developing,73.3,32858823,0.612,11.2,11.04171091
Morocco,2010,Developing,72.8,3249639,0.603,10.7,11.00374191
Morocco,2009,Developing,72.3,31989897,0.596,10.5,11.00498715
Morocco,2008,Developing,71.8,31596855,0.589,10.3,11.00784549
Morocco,2007,Developing,71.4,31225881,0.581,10,10.93925916
Morocco,2006,Developing,71,3869346,0.575,10,10.8801492
Morocco,2005,Developing,77,35217,0.569,9.8,10.83792071
Morocco,2004,Developing,72,3179285,0.561,9.6,10.82029439
Morocco,2003,Developing,69.9,29843937,0.551,9.3,10.76364781
Morocco,2002,Developing,69.5,29512368,0.54,8.8,10.67281055
Morocco,2001,Developing,69,29181832,0.53,8.5,10.64178614
Morocco,2000,Developing,68.6,28849621,0.519,8,10.63364472
Mozambique,2015,Developing,57.6,281691,0.414,9.1,10.20975584
Mozambique,2014,Developing,56.7,27212382,0.409,9.1,10.25474733
Mozambique,2013,Developing,55.3,26434372,0.405,9.1,10.23547979
Mozambique,2012,Developing,54.8,2567666,0.4,9.2,10.22240726
Mozambique,2011,Developing,54.3,249395,0.397,9.5,10.16492598
Mozambique,2010,Developing,54,2422145,0.39,9.3,10.05735776
Mozambique,2009,Developing,53.8,2352463,0.382,9.2,10.08862842
Mozambique,2008,Developing,53.2,22846758,0.372,8.8,10.11127397
Mozambique,2007,Developing,52.1,22188387,0.36,8.2,10.03388419
Mozambique,2006,Developing,51.2,21547463,0.353,7.9,9.978173006
Mozambique,2005,Developing,58,29237,0.341,7.3,9.94785041
Mozambique,2004,Developing,54,231275,0.332,7,9.899670364
Mozambique,2003,Developing,51,19716598,0.318,6.7,9.818458612
Mozambique,2002,Developing,49.8,19139658,0.311,6.2,9.774573123
Mozambique,2001,Developing,49.5,18588758,0.298,5.8,9.75206029
Mozambique,2000,Developing,49,1867687,0.291,5.4,9.773104873
Myanmar,2015,Developing,66.6,5243669,0.552,9.1,10.77529938
Myanmar,2014,Developing,66.4,51924182,0.547,9.1,10.81644928
Myanmar,2013,Developing,66.2,51448196,0.54,9.1,10.78009927
Myanmar,2012,Developing,65.9,5986514,0.533,9.1,10.77770077
Myanmar,2011,Developing,65.6,555331,0.526,9.1,10.7779871
Myanmar,2010,Developing,65.4,5155896,0.515,8.8,10.69496313
Myanmar,2009,Developing,65.2,49869,0.504,8.5,10.56709911
Myanmar,2008,Developing,59.2,49479752,0.493,8.2,10.50328059
Myanmar,2007,Developing,64.5,49171586,0.484,8.1,10.30497448
Myanmar,2006,Developing,64.2,48846474,0.474,8,10.16144448
Myanmar,2005,Developing,63.9,48482614,0.465,7.9,10.07870951
Myanmar,2004,Developing,63.5,487377,0.455,7.8,10.02396626
Myanmar,2003,Developing,63.2,47624894,0.445,7.7,10.01982679
Myanmar,2002,Developing,62.8,471422,0.435,7.6,9.831078017
Myanmar,2001,Developing,62.5,46627994,0.427,7.6,9.811426911
Myanmar,2000,Developing,62.1,4695462,0.417,7.5,9.949637151
Namibia,2015,Developing,65.8,2425561,0.637,11.7,10.0544277
Namibia,2014,Developing,65.9,237992,0.632,11.7,10.09466084
Namibia,2013,Developing,66.1,231652,0.625,11.6,10.08074577
Namibia,2012,Developing,65.8,2263934,0.619,11.5,10.11534598
Namibia,2011,Developing,64.3,2215621,0.612,11.5,10.09772085
Namibia,2010,Developing,63,217317,0.604,11.4,10.05809989
Namibia,2009,Developing,62.4,21374,0.598,11.4,9.951281513
Namibia,2008,Developing,61.7,216375,0.589,11.3,9.934873575
Namibia,2007,Developing,60,279915,0.578,11.3,9.946429492
Namibia,2006,Developing,57,255734,0.57,11.4,9.903186582
Namibia,2005,Developing,55.1,232196,0.565,11.6,9.860240644
Namibia,2004,Developing,54.7,29228,0.559,11.7,9.820149288
Namibia,2003,Developing,55,1986535,0.554,11.7,9.692533143
Namibia,2002,Developing,55.7,1962147,0.556,11.8,9.52493717
Namibia,2001,Developing,56.5,1933596,0.556,11.7,9.551125524
Namibia,2000,Developing,57.4,1899257,0.559,11.5,9.593533297
Nauru,2013,Developing,,,,9.6,7.974903049
Nepal,2015,Developing,69.2,28656282,0.555,12.2,10.38669157
Nepal,2014,Developing,69.6,28323241,0.551,12.4,10.35663025
Nepal,2013,Developing,69.3,2798531,0.545,12.3,10.34561297
Nepal,2012,Developing,68.9,27649925,0.538,12.3,10.33652179
Nepal,2011,Developing,68.4,27327147,0.529,12,10.33392811
Nepal,2010,Developing,68,2723137,0.515,11.1,10.20419208
Nepal,2009,Developing,67.5,2674113,0.502,10.5,10.10907159
Nepal,2008,Developing,67,26475859,0.492,10.1,10.09848585
Nepal,2007,Developing,66.6,26214847,0.486,10,10.01391605
Nepal,2006,Developing,66,2594618,0.476,9.6,9.956346885
Nepal,2005,Developing,65.4,2564287,0.469,9.4,9.910104348
Nepal,2004,Developing,64.7,2539449,0.463,9.3,9.861769614
Nepal,2003,Developing,64.3,2495623,0.457,9.2,9.801436167
Nepal,2002,Developing,63.1,24566342,0.447,8.6,9.781818239
Nepal,2001,Developing,63.2,24161777,0.446,9,9.778661611
Nepal,2000,Developing,62.5,2374911,0.439,8.9,9.739908591
Netherlands,2015,Developed,81.9,16939923,0.923,18.1,11.88971824
Netherlands,2014,Developed,81.7,168658,0.923,18.1,11.95499295
Netherlands,2013,Developed,81.4,1684432,0.922,18.1,11.94642846
Netherlands,2012,Developed,81.1,16754962,0.921,18.1,11.92721069
Netherlands,2011,Developed,81.1,1669374,0.911,17.2,11.96053772
Netherlands,2010,Developed,88,16615394,0.906,17,11.93067655
Netherlands,2009,Developed,86,1653388,0.906,16.9,11.94396626
Netherlands,2008,Developed,83,16445593,0.905,16.8,11.98132088
Netherlands,2007,Developed,82,16381696,0.899,16.6,11.93120325
Netherlands,2006,Developed,79.8,1634611,0.893,16.5,11.86781737
Netherlands,2005,Developed,79.4,16319868,0.888,16.4,11.83767283
Netherlands,2004,Developed,79.2,16281779,0.885,16.5,11.82034919
Netherlands,2003,Developed,78.7,1622532,0.881,16.5,11.76524793
Netherlands,2002,Developed,78.4,16148929,0.882,16.9,11.6771779
Netherlands,2001,Developed,78.3,164618,0.878,16.7,11.63602248
Netherlands,2000,Developed,78.1,15925513,0.873,16.5,11.62081174
New Zealand,2015,Developed,81.6,,0.913,19.2,11.25096659
New Zealand,2014,Developed,81.5,,0.91,19.2,11.30431471
New Zealand,2013,Developed,81.3,,0.908,19.3,11.28106148
New Zealand,2012,Developed,81.1,,0.904,19.5,11.24689407
New Zealand,2011,Developed,86,,0.901,19.7,11.22656101
New Zealand,2010,Developed,89,,0.899,20.3,11.16698603
New Zealand,2009,Developed,85,,0.895,19.3,11.08516009
New Zealand,2008,Developed,81,,0.894,19.5,11.12527668
New Zealand,2007,Developed,81,,0.891,19.2,11.13731912
New Zealand,2006,Developed,79.9,,0.888,19.1,11.04742601
New Zealand,2005,Developed,79.9,,0.886,18.9,11.05963963
New Zealand,2004,Developed,79.2,,0.884,18.4,11.01663732
New Zealand,2003,Developed,79.1,,0.881,18.2,10.94571907
New Zealand,2002,Developed,78.7,,0.873,17.5,10.82365501
New Zealand,2001,Developed,78.5,,0.868,17.4,10.73136653
New Zealand,2000,Developed,78.6,,0.864,17.2,10.72117793
Nicaragua,2015,Developing,74.8,68235,0.642,11.7,10.10573822
Nicaragua,2014,Developing,74.5,613997,0.636,11.6,10.07483248
Nicaragua,2013,Developing,73.9,5945747,0.63,11.5,10.04072052
Nicaragua,2012,Developing,73.9,587718,0.625,11.5,10.02251156
Nicaragua,2011,Developing,74.5,58782,0.62,11.5,9.990086968
Nicaragua,2010,Developing,73.2,5737723,0.614,11.4,9.942434804
Nicaragua,2009,Developing,73.2,5666581,0.613,11.3,9.919010195
Nicaragua,2008,Developing,72.5,559456,0.607,11.1,9.929263962
Nicaragua,2007,Developing,72.5,552216,0.601,11,9.870601401
Nicaragua,2006,Developing,73,545211,0.597,11,9.830182563
Nicaragua,2005,Developing,71.2,5379328,0.592,11,9.80080807
Nicaragua,2004,Developing,71,53973,0.587,11,9.762898493
Nicaragua,2003,Developing,76,524879,0.583,11,9.726093504
Nicaragua,2002,Developing,75,5171734,0.577,10.7,9.717980497
Nicaragua,2001,Developing,73,5175,0.57,10.4,9.728495983
Nicaragua,2000,Developing,73,526796,0.562,10.1,9.708385802
Niger,2015,Developing,61.8,19896965,0.351,5.4,9.986048858
Niger,2014,Developing,61.4,19148219,0.345,5.3,10.03594752
Niger,2013,Developing,69,18426372,0.341,5.3,10.00965896
Niger,2012,Developing,63,17731634,0.331,5.1,9.974369483
Niger,2011,Developing,59.4,1764636,0.323,4.8,9.943145693
Niger,2010,Developing,58.2,16425578,0.312,4.5,9.894935626
Niger,2009,Developing,57.1,15813913,0.307,4.2,9.866413255
Niger,2008,Developing,56,15228525,0.298,4,9.863180068
Niger,2007,Developing,55.2,14668338,0.293,3.8,9.758267164
Niger,2006,Developing,54.5,1413264,0.286,3.7,9.677274832
Niger,2005,Developing,53.7,13618449,0.278,3.5,9.641802777
Niger,2004,Developing,52.9,1312712,0.27,3.1,9.575239095
Niger,2003,Developing,52.1,1265687,0.266,3,9.53072268
Niger,2002,Developing,51.4,12262,0.261,2.9,9.444387235
Niger,2001,Developing,56,11771976,0.255,2.9,9.388938189
Niger,2000,Developing,50,11352973,0.253,2.8,9.350587797
Nigeria,2015,Developing,54.5,181181744,0.525,10,11.69287042
Nigeria,2014,Developing,53.6,1764652,0.521,10,11.75905091
Nigeria,2013,Developing,53.2,17182933,0.514,9.8,11.7161012
Nigeria,2012,Developing,52.7,167297284,0.507,9.7,11.66649085
Nigeria,2011,Developing,52.3,16287776,0.5,9.6,11.61748962
Nigeria,2010,Developing,52,158578261,0.492,9.5,11.56465472
Nigeria,2009,Developing,51.6,15442181,0.487,9.3,11.46983502
Nigeria,2008,Developing,59,1534739,0.481,9.2,11.53080943
Nigeria,2007,Developing,55,14641724,0.477,9.1,11.4444521
Nigeria,2006,Developing,49.8,14261494,0.466,9,11.37740643
Nigeria,2005,Developing,49.2,138939478,0.463,8.9,11.24469901
Nigeria,2004,Developing,48.5,135393616,0.445,8.5,11.13278697
Nigeria,2003,Developing,48.1,131972533,0,8.1,11.02010823
Nigeria,2002,Developing,47.7,12866671,0,7.7,10.97797067
Nigeria,2001,Developing,47.4,125463434,0,8,10.86662897
Nigeria,2000,Developing,47.1,1223529,0,7.6,10.83992689
Norway,2015,Developed,81.8,518867,0.948,17.7,11.58901023
Norway,2014,Developed,81.6,5137232,0.945,17.7,11.70047567
Norway,2013,Developed,81.5,579623,0.942,17.5,11.72099769
Norway,2012,Developed,81.3,518573,0.941,17.6,11.7099288
Norway,2011,Developed,81.1,495388,0.939,17.6,11.70015016
Norway,2010,Developed,81,4889252,0.936,17.4,11.63452981
Norway,2009,Developed,89,4828726,0.936,17.4,11.58880531
Norway,2008,Developed,86,4768212,0.936,17.6,11.66737594
Norway,2007,Developed,85,479153,0.934,17.6,11.60492043
Norway,2006,Developed,84,466677,0.931,17.5,11.54022328
Norway,2005,Developed,81,4623291,0.929,17.6,11.49133168
Norway,2004,Developed,79.8,459191,0.924,17.5,11.42368595
Norway,2003,Developed,79.4,4564855,0.918,17.1,11.3605659
Norway,2002,Developed,78.9,4538159,0.916,17.1,11.29206736
Norway,2001,Developed,78.8,4513751,0.917,17.5,11.24114625
Norway,2000,Developed,78.5,449967,0.911,17.1,11.23415573
Oman,2015,Developing,76.6,,0.795,13.7,10.89603429
Oman,2014,Developing,76.4,,0.796,13.7,10.96707547
Oman,2013,Developing,76.2,,0.796,13.7,10.95393367
Oman,2012,Developing,76,,0.797,13.7,10.94155537
Oman,2011,Developing,75.8,,0.797,13.6,10.88928786
Oman,2010,Developing,75.6,,0.797,13.5,10.81286991
Oman,2009,Developing,75.4,,0.782,12.4,10.74393363
Oman,2008,Developing,75.2,,0.765,11.9,10.84388455
Oman,2007,Developing,74.9,,0.753,11.5,10.68395064
Oman,2006,Developing,74.7,,0.748,11.6,10.62918152
Oman,2005,Developing,74.3,,0.742,11.5,10.55031266
Oman,2004,Developing,74,,0.734,11.5,10.45299607
Oman,2003,Developing,73.6,,0.725,11.2,10.39328874
Oman,2002,Developing,73.3,,0.716,11,10.36296362
Oman,2001,Developing,72.9,,0.705,10.7,10.34646489
Oman,2000,Developing,72.6,,0,10.4,10.34751653
Pakistan,2015,Developing,66.4,18938513,0.548,8.1,11.47706854
Pakistan,2014,Developing,66.2,185546257,0.542,7.8,11.4335946
Pakistan,2013,Developing,66,181712595,0.538,7.7,11.41272463
Pakistan,2012,Developing,65.7,177911533,0.529,7.6,11.39812579
Pakistan,2011,Developing,65.5,174184265,0.525,7.5,11.36283403
Pakistan,2010,Developing,65.1,1756182,0.521,7.5,11.2938256
Pakistan,2009,Developing,64.8,1674958,0.514,7.3,11.27262538
Pakistan,2008,Developing,64.6,16364463,0.513,7.3,11.3057892
Pakistan,2007,Developing,64.4,16332974,0.505,6.7,11.26515019
Pakistan,2006,Developing,64.2,15793993,0.501,6.5,11.20917008
Pakistan,2005,Developing,62.9,15399667,0.487,6.1,11.16199223
Pakistan,2004,Developing,63.7,15783,0.474,5.6,11.12128417
Pakistan,2003,Developing,63.5,1477341,0.465,5.6,11.05065778
Pakistan,2002,Developing,63.2,144654143,0.457,5.5,10.99088605
Pakistan,2001,Developing,63,14161437,0.45,5.4,10.98742322
Pakistan,2000,Developing,62.8,138523285,0.445,5.3,10.99775674
Palau,2013,Developing,,292,0.779,14.2,8.35046242
Panama,2015,Developing,77.8,3969249,0.785,13,10.74638356
Panama,2014,Developing,77.6,393986,0.78,13,10.71119208
Panama,2013,Developing,77.5,3838462,0.773,12.9,10.67163094
Panama,2012,Developing,77.2,3772938,0.765,12.8,10.61904572
Panama,2011,Developing,77.3,377782,0.758,12.9,10.55251902
Panama,2010,Developing,76.5,3643222,0.756,12.8,10.48045265
Panama,2009,Developing,76.8,3579385,0.755,12.8,10.44390754
Panama,2008,Developing,76.5,3516268,0.75,12.8,10.41029339
Panama,2007,Developing,76.4,345387,0.743,12.9,10.33680851
Panama,2006,Developing,76.2,339195,0.744,12.9,10.27090516
Panama,2005,Developing,75.8,333465,0.74,12.9,10.22073309
Panama,2004,Developing,75.8,3269541,0.733,12.8,10.1789828
Panama,2003,Developing,75.5,329174,0.728,12.8,10.13364926
Panama,2002,Developing,75.7,3149265,0.725,12.6,10.10723885
Panama,2001,Developing,75.5,389684,0.721,12.4,10.08823911
Panama,2000,Developing,75.7,33347,0.716,12.1,10.07796704
Papua New Guinea,2015,Developing,62.9,7919825,0.515,10,10.33692854
Papua New Guinea,2014,Developing,62.7,7755785,0.511,10,10.36569056
Papua New Guinea,2013,Developing,62.4,7592865,0.506,10,10.32759059
Papua New Guinea,2012,Developing,62.2,743836,0.501,9.9,10.32828108
Papua New Guinea,2011,Developing,62,7269348,0.494,9.9,10.25491378
Papua New Guinea,2010,Developing,61.8,718239,0.485,9.6,10.15383884
Papua New Guinea,2009,Developing,61.6,6947447,0.477,9.2,10.06518581
Papua New Guinea,2008,Developing,61.4,6787187,0.469,8.9,10.06710408
Papua New Guinea,2007,Developing,61.1,6627922,0.461,8.6,9.97977725
Papua New Guinea,2006,Developing,68,647272,0.454,8.2,9.92194183
Papua New Guinea,2005,Developing,64,631479,0.446,7.9,9.687162552
Papua New Guinea,2004,Developing,59.9,6161517,0.439,7.6,9.59407836
Papua New Guinea,2003,Developing,59.6,61724,0.433,7.2,9.548562834
Papua New Guinea,2002,Developing,59.3,5862316,0.428,6.9,9.477050465
Papua New Guinea,2001,Developing,59.1,5716152,0.422,6.6,9.488695111
Papua New Guinea,2000,Developing,58.9,5572222,0.418,6.2,9.546707923
Paraguay,2015,Developing,74,6639119,0.692,12.3,10.55884589
Paraguay,2014,Developing,73.9,6552584,0.688,12.3,10.60614404
Paraguay,2013,Developing,73.8,646574,0.679,12.3,10.58547339
Paraguay,2012,Developing,73.6,6379219,0.679,12.3,10.52207788
Paraguay,2011,Developing,73.4,6293783,0.675,12.3,10.52835405
Paraguay,2010,Developing,73.2,629877,0.664,12.4,10.43553997
Paraguay,2009,Developing,73,6127837,0.663,12.1,10.34937761
Paraguay,2008,Developing,72.7,647117,0.654,11.9,10.39120456
Paraguay,2007,Developing,72.5,5966159,0.649,12,10.25179374
Paraguay,2006,Developing,72.3,5882796,0.648,12.1,10.12805758
Paraguay,2005,Developing,72.1,5795494,0.646,12.3,10.03090318
Paraguay,2004,Developing,71.9,57374,0.639,12.1,9.983375507
Paraguay,2003,Developing,71.7,56795,0.642,12.7,9.886003561
Paraguay,2002,Developing,71.5,558611,0.632,12.2,9.857106886
Paraguay,2001,Developing,71.2,546624,0.624,11.8,9.929204609
Paraguay,2000,Developing,79,5327,0.625,11.6,9.947223148
Peru,2015,Developing,75.5,31376671,0.737,13.4,11.27830302
Peru,2014,Developing,75.3,3973354,0.735,13.4,11.30273397
Peru,2013,Developing,75.3,3565716,0.731,13.4,11.30357518
Peru,2012,Developing,74.9,3158966,0.725,13.4,11.28476906
Peru,2011,Developing,74.5,29759989,0.721,13.4,11.23492642
Peru,2010,Developing,73.7,29373646,0.708,13.3,11.16887337
Peru,2009,Developing,73.8,29157,0.706,13.3,11.08214957
Peru,2008,Developing,73.9,2864198,0.7,13.2,11.08116938
Peru,2007,Developing,74,28292724,0.696,13.2,11.00932756
Peru,2006,Developing,74.2,27949944,0.693,13,10.94764539
Peru,2005,Developing,72.8,276141,0.692,13,10.88115978
Peru,2004,Developing,72.2,27273194,0.685,12.8,10.82457294
Peru,2003,Developing,72.1,26937738,0.686,13.3,10.76886762
Peru,2002,Developing,72.6,2661467,0.686,13.9,10.73860263
Peru,2001,Developing,72.4,26261363,0.677,13.4,10.71625515
Peru,2000,Developing,71.4,25914879,0.674,13.5,10.71386629
Philippines,2015,Developing,68.5,11716359,0.679,11.7,11.48635377
Philippines,2014,Developing,68.4,112249,0.676,11.7,11.47346296
Philippines,2013,Developing,68.1,9848132,0.671,11.7,11.45316972
Philippines,2012,Developing,68.1,96866642,0.666,11.6,11.41816956
Philippines,2011,Developing,68,9527794,0.669,11.5,11.36961791
Philippines,2010,Developing,67.9,93726624,0.662,11.4,11.31883288
Philippines,2009,Developing,68,9222879,0.661,11.7,11.24545037
Philippines,2008,Developing,67.5,9751864,0.655,11.5,11.25917473
Philippines,2007,Developing,67.5,8929349,0.648,11.4,11.19307005
Philippines,2006,Developing,67.3,8789419,0.646,11.5,11.10603078
Philippines,2005,Developing,67,86274237,0.642,11.6,11.03108506
Philippines,2004,Developing,67.3,84678493,0.636,11.6,10.97773275
Philippines,2003,Developing,67.2,8331954,0.631,11.6,10.93971436
Philippines,2002,Developing,66.8,813526,0.625,11.4,10.92586542
Philippines,2001,Developing,66.8,79665315,0.622,11.4,10.89719387
Philippines,2000,Developing,66.8,77991569,0.618,11.4,10.92256867
Poland,2015,Developed,77.5,37986412,0.852,16.4,11.6812902
Poland,2014,Developed,77.3,3811735,0.85,16.4,11.73410678
Poland,2013,Developed,77.1,384196,0.838,15.4,11.71448051
Poland,2012,Developed,76.8,3863164,0.834,15.3,11.69735896
Poland,2011,Developed,76.7,3863255,0.829,15.4,11.72250933
Poland,2010,Developed,76.3,3842794,0.822,15.1,11.67952931
Poland,2009,Developed,75.7,3815163,0.818,15.1,11.6443317
Poland,2008,Developed,75.5,38125759,0.813,15,11.72885032
Poland,2007,Developed,75.3,381256,0.808,15,11.63318065
Poland,2006,Developed,75.2,38141267,0.803,15,11.53894759
Poland,2005,Developed,75,38165445,0.797,14.8,11.48713825
Poland,2004,Developed,74.9,38182222,0.8,15.5,11.40869549
Poland,2003,Developed,74.7,382457,0.796,15.3,11.33957312
Poland,2002,Developed,74.5,3823364,0.79,15,11.30036602
Poland,2001,Developed,74.2,3824876,0.784,14.7,11.28290113
Poland,2000,Developed,73.7,38258629,0.777,14.6,11.23792942
Portugal,2015,Developed,81.1,135876,0.841,16.6,11.29893714
Portugal,2014,Developed,89,14162,0.837,16.8,11.36187626
Portugal,2013,Developed,86,1457295,0.827,16.3,11.35540824
Portugal,2012,Developed,83,1514844,0.824,16.3,11.33553147
Portugal,2011,Developed,82,155756,0.818,16.2,11.38992193
Portugal,2010,Developed,79.6,15731,0.812,16,11.37738615
Portugal,2009,Developed,79.3,1568247,0.809,16,11.38857675
Portugal,2008,Developed,79,1558177,0.804,15.8,11.4206428
Portugal,2007,Developed,78.7,1542964,0.797,15.4,11.38110812
Portugal,2006,Developed,78.5,1522288,0.793,15.4,11.3196399
Portugal,2005,Developed,77.7,15333,0.79,15.4,11.29502555
Portugal,2004,Developed,78,1483861,0.792,15.9,11.27733898
Portugal,2003,Developed,77.3,1458821,0.789,15.8,11.21807885
Portugal,2002,Developed,77.2,1419631,0.788,15.9,11.12967561
Portugal,2001,Developed,76.9,1362722,0.782,15.7,11.08494824
Portugal,2000,Developed,76.6,1289898,0.777,15.5,11.0741037
Qatar,2015,Developing,78.2,,0.855,13.4,11.208817
Qatar,2014,Developing,78.1,,0.854,13.4,11.31434073
Qatar,2013,Developing,77.9,,0.843,13.4,11.29825851
Qatar,2012,Developing,77.8,,0.837,13.4,11.27145479
Qatar,2011,Developing,77.5,,0.827,12.4,11.22472796
Qatar,2010,Developing,77.3,,0.825,12,11.09211403
Qatar,2009,Developing,77,,0.828,11.8,10.99033153
Qatar,2008,Developing,76.8,,0.825,11.7,11.0617165
Qatar,2007,Developing,76.7,,0.83,12.6,10.90152418
Qatar,2006,Developing,76.6,,0.835,13.7,10.78448993
Qatar,2005,Developing,76.6,,0.83,13.7,10.64865752
Qatar,2004,Developing,76.6,,0.826,13.5,10.50152572
Qatar,2003,Developing,76.5,,0.815,12.8,10.3716919
Qatar,2002,Developing,76.4,,0.807,12.2,10.28698916
Qatar,2001,Developing,76.3,,0.809,12.6,10.24399149
Qatar,2000,Developing,76.2,,0.808,13,10.24944027
Republic of Korea,2015,Developing,82.3,,,,12.18729853
Republic of Korea,2014,Developing,82,,,,12.19208004
Republic of Korea,2013,Developing,81.7,,,,12.15675192
Republic of Korea,2012,Developing,81.2,,,,12.12559302
Republic of Korea,2011,Developing,81.1,,,,12.11630997
Republic of Korea,2010,Developing,87,,,,12.07657856
Republic of Korea,2009,Developing,86,,,,11.99258234
Republic of Korea,2008,Developing,83,,,,12.03805585
Republic of Korea,2007,Developing,79.8,,,,12.08668433
Republic of Korea,2006,Developing,79.4,,,,12.03948373
Republic of Korea,2005,Developing,78.7,,,,11.98755023
Republic of Korea,2004,Developing,78.2,,,,11.91553232
Republic of Korea,2003,Developing,77.6,,,,11.86243939
Republic of Korea,2002,Developing,77.1,,,,11.81292297
Republic of Korea,2001,Developing,76.7,,,,11.75401546
Republic of Korea,2000,Developing,76,,,,11.77632859
Republic of Moldova,2015,Developing,72.1,,,,9.891964696
Republic of Moldova,2014,Developing,71.8,,,,9.97322441
Republic of Moldova,2013,Developing,71.7,,,,9.977573536
Republic of Moldova,2012,Developing,79,,,,9.939975204
Republic of Moldova,2011,Developing,77,,,,9.925020677
Republic of Moldova,2010,Developing,68.8,,,,9.843543114
Republic of Moldova,2009,Developing,69,,,,9.735553733
Republic of Moldova,2008,Developing,68.9,,,,9.782101542
Republic of Moldova,2007,Developing,68.3,,,,9.643568455
Republic of Moldova,2006,Developing,68,,,,9.532532138
Republic of Moldova,2005,Developing,67.3,,,,9.475430431
Republic of Moldova,2004,Developing,68,,,,9.414680862
Republic of Moldova,2003,Developing,67.6,,,,9.296864182
Republic of Moldova,2002,Developing,67.5,,,,9.220583503
Republic of Moldova,2001,Developing,67.6,,,,9.170459331
Republic of Moldova,2000,Developing,67.1,,,,9.110060623
Romania,2015,Developed,75,19815481,0.798,14.7,11.25013965
Romania,2014,Developed,74.8,1998979,0.797,14.7,11.3004266
Romania,2013,Developed,74.6,19983693,0.794,14.7,11.27829301
Romania,2012,Developed,74.4,25835,0.797,15.3,11.25313759
Romania,2011,Developed,74.3,2147528,0.798,15.7,11.28471035
Romania,2010,Developed,73.4,2246871,0.797,15.8,11.23061329
Romania,2009,Developed,73.1,2367487,0.795,15.4,11.24082504
Romania,2008,Developed,73.1,2537875,0.78,14.7,11.33105446
Romania,2007,Developed,72.9,2882982,0.766,14.1,11.24201634
Romania,2006,Developed,72.5,2119376,0.755,13.7,11.08644432
Romania,2005,Developed,71.9,21319685,0.745,13.4,10.99323504
Romania,2004,Developed,71.7,21451748,0.733,12.9,10.87490869
Romania,2003,Developed,71.1,21574326,0.722,12.5,10.7619758
Romania,2002,Developed,77,2173496,0.714,12,10.66337581
Romania,2001,Developed,78,2213197,0.708,11.7,10.60632887
Romania,2000,Developed,77,22442971,0.703,11.5,10.57116987
Russian Federation,2015,Developing,75,1449687,0.805,15,12.13464947
Russian Federation,2014,Developing,73,143819666,0.803,14.9,12.3137073
Russian Federation,2013,Developing,70,14356911,0.799,14.6,12.36030368
Russian Federation,2012,Developing,69.6,14321676,0.792,14.3,12.3440568
Russian Federation,2011,Developing,69.4,14296868,0.785,14,12.31088923
Russian Federation,2010,Developing,68.4,142849449,0.773,13.7,12.18324612
Russian Federation,2009,Developing,68.2,142785342,0.776,14,12.0873007
Russian Federation,2008,Developing,67.5,14274235,0.769,13.9,12.2203299
Russian Federation,2007,Developing,67.3,1428588,0.761,13.8,12.11384428
Russian Federation,2006,Developing,66.4,14349528,0.754,13.8,11.99560539
Russian Federation,2005,Developing,65,143518523,0.748,13.7,11.88310244
Russian Federation,2004,Developing,64.9,1446754,0.741,13.6,11.77159975
Russian Federation,2003,Developing,64.6,144648257,0.733,13.2,11.6338192
Russian Federation,2002,Developing,64.8,1453646,0.727,12.8,11.53841096
Russian Federation,2001,Developing,65.1,14597683,0.72,12.5,11.48657508
Russian Federation,2000,Developing,65,146596557,0.709,12.1,11.41448891
Rwanda,2015,Developing,66.1,11629553,0.493,10.8,9.93164905
Rwanda,2014,Developing,65.7,11345357,0.488,10.8,9.915872717
Rwanda,2013,Developing,65.2,1165151,0.485,10.8,9.893204755
Rwanda,2012,Developing,64.6,1788853,0.475,10.5,9.883931638
Rwanda,2011,Developing,63.8,151671,0.464,10.2,9.837898498
Rwanda,2010,Developing,62.8,1246842,0.454,10,9.787088838
Rwanda,2009,Developing,61,9977446,0.447,10.2,9.753925838
Rwanda,2008,Developing,68,978169,0.438,10.4,9.714317524
Rwanda,2007,Developing,59.6,944742,0.424,10.1,9.609648601
Rwanda,2006,Developing,57.6,92658,0.404,9.3,9.521109898
Rwanda,2005,Developing,55.3,8991735,0.388,8.8,9.46743343
Rwanda,2004,Developing,53.4,8818438,0.371,8.2,9.3759371
Rwanda,2003,Developing,52,868346,0.359,7.6,9.330055897
Rwanda,2002,Developing,57,853625,0.343,7.2,9.29358428
Rwanda,2001,Developing,48.6,832946,0.332,7.1,9.293716193
Rwanda,2000,Developing,48.3,82573,0.318,6.6,9.315726223
Saint Kitts and Nevis,2013,Developing,,,0.749,13.4,8.941783725
Saint Lucia,2015,Developing,75.2,,0.735,13.1,9.257112121
Saint Lucia,2014,Developing,75,,0.723,13.1,9.24283579
Saint Lucia,2013,Developing,74.8,,0.734,13.1,9.220210787
Saint Lucia,2012,Developing,74.7,,0.735,13,9.203633139
Saint Lucia,2011,Developing,74.6,,0.733,12.9,9.195448629
Saint Lucia,2010,Developing,74.2,,0.724,12.8,9.170961066
Saint Lucia,2009,Developing,74.3,,0.717,12.7,9.146595547
Saint Lucia,2008,Developing,74.1,,0.71,12.6,9.157677671
Saint Lucia,2007,Developing,73.9,,0.707,12.8,9.125835328
Saint Lucia,2006,Developing,73.5,,0.694,12.4,9.103228562
Saint Lucia,2005,Developing,73.1,,0.689,12.2,9.055208386
Saint Lucia,2004,Developing,72.6,,0.686,12.3,9.028028724
Saint Lucia,2003,Developing,72.2,,0.684,12.4,8.994496381
Saint Lucia,2002,Developing,72,,0.681,12.5,8.954242509
Saint Lucia,2001,Developing,71.8,,0.684,12.6,8.950653278
Saint Lucia,2000,Developing,71.6,,0,12.8,8.969691962
Saint Vincent and the Grenadines,2015,Developing,73.2,,0.72,13.3,8.895729403
Saint Vincent and the Grenadines,2014,Developing,73.1,,0.72,13.3,8.886998046
Saint Vincent and the Grenadines,2013,Developing,72.7,,0.717,13.3,8.883537237
Saint Vincent and the Grenadines,2012,Developing,72.8,,0.713,13.3,8.86334225
Saint Vincent and the Grenadines,2011,Developing,72.7,,0.712,13.3,8.853574335
Saint Vincent and the Grenadines,2010,Developing,72.5,,0.711,13.3,8.857602573
Saint Vincent and the Grenadines,2009,Developing,72.3,,0.709,13.3,8.853880808
Saint Vincent and the Grenadines,2008,Developing,72.1,,0.704,13.3,8.864904414
Saint Vincent and the Grenadines,2007,Developing,71.9,,0.702,13.3,8.853452813
Saint Vincent and the Grenadines,2006,Developing,71.7,,0.695,13.3,8.808549326
Saint Vincent and the Grenadines,2005,Developing,71.4,,0.692,13.3,8.763389748
Saint Vincent and the Grenadines,2004,Developing,71.2,,0.689,13.2,8.740283866
Saint Vincent and the Grenadines,2003,Developing,71,,0.682,13,8.706795325
Saint Vincent and the Grenadines,2002,Developing,79,,0.677,12.9,8.688209612
Saint Vincent and the Grenadines,2001,Developing,79,,0.673,12.8,8.664709966
Saint Vincent and the Grenadines,2000,Developing,79,,0,12.7,8.631389009
Samoa,2015,Developing,74,193759,0.702,12.9,8.916006526
Samoa,2014,Developing,73.8,19229,0.701,12.9,8.901285833
Samoa,2013,Developing,73.6,19757,0.7,12.9,8.901859373
Samoa,2012,Developing,73.2,189194,0.698,12.9,8.888259076
Samoa,2011,Developing,73,187665,0.693,12.9,8.871629583
Samoa,2010,Developing,72.6,18625,0.69,12.9,8.832675514
Samoa,2009,Developing,76,184826,0.691,12.9,8.797963873
Samoa,2008,Developing,72.5,183526,0.688,12.9,8.80709252
Samoa,2007,Developing,72.2,182286,0.682,12.9,8.758570118
Samoa,2006,Developing,72,18194,0.677,12.7,8.698903776
Samoa,2005,Developing,71.6,179929,0.671,12.6,8.67833788
Samoa,2004,Developing,71.4,178781,0.665,12.4,8.610391376
Samoa,2003,Developing,79,177662,0.659,12.3,8.522999708
Samoa,2002,Developing,76,176582,0.653,12.1,8.449925784
Samoa,2001,Developing,75,175566,0.645,12,8.4253705
Samoa,2000,Developing,72,17461,0.64,12.1,8.41305847
San Marino,2013,Developing,,,,15.1,9.22498382
Sao Tome and Principe,2015,Developing,67.5,195553,0.565,11.2,8.414972752
Sao Tome and Principe,2014,Developing,67.3,191266,0.562,11.1,8.467044183
Sao Tome and Principe,2013,Developing,67.1,18745,0.559,11,8.426579161
Sao Tome and Principe,2012,Developing,66.9,182889,0.553,10.8,8.353753041
Sao Tome and Principe,2011,Developing,66.6,1788,0.546,10.6,8.354981916
Sao Tome and Principe,2010,Developing,66.2,174776,0.542,10.6,8.278802039
Sao Tome and Principe,2009,Developing,65.8,17813,0.533,10.1,8.302478263
Sao Tome and Principe,2008,Developing,65.4,166913,0.531,10.4,8.274206739
Sao Tome and Principe,2007,Developing,65.1,16311,0.527,10.3,8.173614286
Sao Tome and Principe,2006,Developing,64.7,159328,0.521,10.2,8.154652485
Sao Tome and Principe,2005,Developing,64.3,15563,0.514,10,8.134975648
Sao Tome and Principe,2004,Developing,63.8,151969,0.509,9.8,8.059117475
Sao Tome and Principe,2003,Developing,63.4,148372,0.504,9.7,8.008965205
Sao Tome and Principe,2002,Developing,63.1,144889,0.501,9.6,7.930292123
Sao Tome and Principe,2001,Developing,62.8,141622,0.497,9.4,7.880534259
Sao Tome and Principe,2000,Developing,62.6,13866,0.488,9.3,7.881945823
Saudi Arabia,2015,Developing,74.5,,0.845,16.1,11.84099286
Saudi Arabia,2014,Developing,74.4,,0.841,15.8,11.89605919
Saudi Arabia,2013,Developing,74.3,,0.83,15.2,11.88635293
Saudi Arabia,2012,Developing,74.1,,0.818,14.5,11.87617241
Saudi Arabia,2011,Developing,73.9,,0.804,13.9,11.83293074
Saudi Arabia,2010,Developing,73.7,,0.792,13.3,11.72280454
Saudi Arabia,2009,Developing,73.4,,0.787,13,11.63255636
Saudi Arabia,2008,Developing,73.3,,0.779,12.8,11.7158336
Saudi Arabia,2007,Developing,73.2,,0.773,12.7,11.61905628
Saudi Arabia,2006,Developing,73.2,,0.767,12.5,11.57622629
Saudi Arabia,2005,Developing,73.1,,0.761,12.4,11.51648197
Saudi Arabia,2004,Developing,73.1,,0.754,12.3,11.41286715
Saudi Arabia,2003,Developing,73,,0.747,12.2,11.334067
Saudi Arabia,2002,Developing,72.9,,0.745,12.1,11.27785177
Saudi Arabia,2001,Developing,72.8,,0.742,12,11.26514248
Saudi Arabia,2000,Developing,72.6,,0.737,11.8,11.27764344
Senegal,2015,Developing,66.7,14976994,0.491,9.5,10.24980391
Senegal,2014,Developing,66.4,14546111,0.483,9.1,10.29660494
Senegal,2013,Developing,66,141232,0.474,8.7,10.27689055
Senegal,2012,Developing,65.6,1373513,0.463,8.3,10.2470121
Senegal,2011,Developing,64.9,13391,0.455,7.9,10.25076836
Senegal,2010,Developing,64.3,12916229,0.449,7.7,10.20740049
Senegal,2009,Developing,63.5,1255917,0.444,7.5,10.20806138
Senegal,2008,Developing,62.8,1223957,0.435,7.1,10.22670272
Senegal,2007,Developing,62.1,11873557,0.425,6.8,10.14594865
Senegal,2006,Developing,61.3,11556763,0.422,6.6,10.06810858
Senegal,2005,Developing,65,11251266,0.415,6.4,10.04174919
Senegal,2004,Developing,59.7,1955944,0.408,6.2,10.00332336
Senegal,2003,Developing,59,16799,0.401,5.9,9.94293628
Senegal,2002,Developing,58.4,1396861,0.397,5.7,9.845495072
Senegal,2001,Developing,57.9,1134497,0.381,5.4,9.813435855
Senegal,2000,Developing,57.5,988452,0.378,5.2,9.779104566
Serbia,2015,Developing,75.6,795383,0.775,14.4,10.61592282
Serbia,2014,Developing,75.4,713576,0.771,14.3,10.69120815
Serbia,2013,Developing,75.3,7164132,0.766,14.1,10.70290877
Serbia,2012,Developing,74.9,719977,0.767,14,10.65420803
Serbia,2011,Developing,74.6,723499,0.757,13.5,10.70970318
Serbia,2010,Developing,74.4,7291436,0.755,13.6,10.6388548
Serbia,2009,Developing,74.1,73287,0.754,13.6,10.67169095
Serbia,2008,Developing,74,735222,0.749,13.5,10.73416465
Serbia,2007,Developing,73.8,7381579,0.743,13.5,10.65213054
Serbia,2006,Developing,73.6,7411569,0.739,13.4,10.5224189
Serbia,2005,Developing,73,744769,0.73,13.2,10.45231182
Serbia,2004,Developing,73,7463157,0.72,13.1,10.42887364
Serbia,2003,Developing,73,748591,0.715,13,10.37278399
Serbia,2002,Developing,72.9,7496522,0.715,13.2,10.25359442
Serbia,2001,Developing,73.1,753433,0.709,13.1,10.13351907
Serbia,2000,Developing,72.6,7516346,0.702,13,9.864889078
Seychelles,2015,Developing,73.2,93419,0.781,14.1,9.156065329
Seychelles,2014,Developing,73,91359,0.766,13.2,9.142257365
Seychelles,2013,Developing,72.9,89949,0.762,13.5,9.124882407
Seychelles,2012,Developing,72.7,8833,0.755,13.5,9.037190496
Seychelles,2011,Developing,72.6,87441,0.744,13.3,9.024862621
Seychelles,2010,Developing,72.4,8977,0.74,13.2,8.991941869
Seychelles,2009,Developing,72.3,87298,0.739,13.2,8.929879351
Seychelles,2008,Developing,72.2,86956,0.739,13.2,8.991047621
Seychelles,2007,Developing,72.2,8533,0.733,13.1,9.032340213
Seychelles,2006,Developing,72.2,846,0.728,13.1,9.034002944
Seychelles,2005,Developing,72.2,82858,0.712,12.1,8.990294172
Seychelles,2004,Developing,72.1,82475,0.715,12.3,8.950857401
Seychelles,2003,Developing,72.1,82781,0.713,12.1,8.875551583
Seychelles,2002,Developing,72.1,83723,0.712,12.1,8.870482819
Seychelles,2001,Developing,72,8122,0.714,12.2,8.820900076
Seychelles,2000,Developing,71.8,81131,0,12.3,8.815718768
Sierra Leone,2015,Developing,51,723725,0.431,9.5,9.831764416
Sierra Leone,2014,Developing,48.1,779162,0.426,9.5,9.885708222
Sierra Leone,2013,Developing,54,692279,0.413,9.3,9.87522122
Sierra Leone,2012,Developing,49.7,676613,0.401,9.1,9.788286231
Sierra Leone,2011,Developing,48.9,6611692,0.392,8.9,9.686782161
Sierra Leone,2010,Developing,48.1,645872,0.384,8.7,9.629695565
Sierra Leone,2009,Developing,47.1,63126,0.375,8.5,9.596971098
Sierra Leone,2008,Developing,46.2,6165372,0.367,8.3,9.618873549
Sierra Leone,2007,Developing,45.3,615417,0.357,8.2,9.560260331
Sierra Leone,2006,Developing,44.3,5848692,0.348,8,9.513709894
Sierra Leone,2005,Developing,43.3,5658379,0.341,7.8,9.405734765
Sierra Leone,2004,Developing,42.3,5439695,0.332,7.6,9.349734062
Sierra Leone,2003,Developing,41.5,5199549,0.322,7.4,9.330944758
Sierra Leone,2002,Developing,48,4957216,0.306,7.2,9.286425909
Sierra Leone,2001,Developing,41,4739147,0.302,7,9.225690129
Sierra Leone,2000,Developing,39,4564297,0.292,6.7,8.803365879
Singapore,2015,Developed,83.1,,0.924,15.4,11.48854867
Singapore,2014,Developed,82.9,,0.922,15.4,11.49812243
Singapore,2013,Developed,82.7,,0.92,15.4,11.48795295
Singapore,2012,Developed,82.5,,0.917,15.4,11.46995874
Singapore,2011,Developed,82.2,,0.911,15.2,11.44615878
Singapore,2010,Developed,82,,0.889,14.5,11.37986363
Singapore,2009,Developed,81.7,,0.887,14.4,11.28813803
Singapore,2008,Developed,81.4,,0.88,14.2,11.28694421
Singapore,2007,Developed,81.1,,0.873,14.1,11.25753867
Singapore,2006,Developed,87,,0.839,13.9,11.17209855
Singapore,2005,Developed,82,,0.821,12.6,11.10655752
Singapore,2004,Developed,79.7,,0.82,12.7,11.06082469
Singapore,2003,Developed,79.3,,0.819,12.7,10.98965624
Singapore,2002,Developed,79,,0.818,12.6,10.96632186
Singapore,2001,Developed,78.7,,0.82,12.7,10.95324631
Singapore,2000,Developed,78.3,,0.81,12.5,10.98261735
Slovakia,2015,Developed,76.7,,0.842,15,10.9502604
Slovakia,2014,Developed,76.4,,0.841,15.1,11.00737679
Slovakia,2013,Developed,76.1,,0.838,15,10.99622385
Slovakia,2012,Developed,75.8,,0.835,15,10.97646184
Slovakia,2011,Developed,75.6,,0.829,15,10.99871739
Slovakia,2010,Developed,75.1,,0.822,15,10.95957635
Slovakia,2009,Developed,75,,0.82,14.9,10.95106046
Slovakia,2008,Developed,74.7,,0.813,14.8,11.00359003
Slovakia,2007,Developed,74.4,,0.802,14.5,10.93745645
Slovakia,2006,Developed,74.3,,0.793,14.3,10.84973758
Slovakia,2005,Developed,74,,0.784,14,10.79621171
Slovakia,2004,Developed,74.1,,0.776,13.8,10.75751351
Slovakia,2003,Developed,73.8,,0.771,13.6,10.66853639
Slovakia,2002,Developed,73.7,,0.763,13.3,10.54708098
Slovakia,2001,Developed,73.3,,0.763,13.3,10.48751535
Slovakia,2000,Developed,73,,0.761,13,10.46561668
Slovenia,2015,Developed,88,263531,0.888,17.3,10.63052416
Slovenia,2014,Developed,87,26198,0.888,17.6,10.6947321
Slovenia,2013,Developed,85,259953,0.878,16.8,10.68003673
Slovenia,2012,Developed,82,257159,0.877,16.8,10.66433216
Slovenia,2011,Developed,79.8,252843,0.876,17,10.70926313
Slovenia,2010,Developed,79.5,248583,0.872,16.9,10.67936536
Slovenia,2009,Developed,79.1,239669,0.873,16.9,10.6987575
Slovenia,2008,Developed,78.9,221316,0.869,16.9,10.744366
Slovenia,2007,Developed,78.3,218122,0.865,16.8,10.68015656
Slovenia,2006,Developed,78.1,26868,0.858,16.7,10.59395438
Slovenia,2005,Developed,77.5,2474,0.853,16.3,10.55567397
Slovenia,2004,Developed,77.2,199712,0.85,16.6,10.53347404
Slovenia,2003,Developed,76.5,1995733,0.843,16.1,10.46776456
Slovenia,2002,Developed,76.6,199453,0.835,15.6,10.36576108
Slovenia,2001,Developed,76.2,19926,0.824,14.7,10.31531671
Slovenia,2000,Developed,76,1988925,0.818,14.6,10.30447309
Solomon Islands,2015,Developing,69.2,587482,0.514,9.6,9.116577466
Solomon Islands,2014,Developing,68.8,57554,0.512,9.6,9.125668854
Solomon Islands,2013,Developing,68.8,563513,0.509,9.5,9.109209208
Solomon Islands,2012,Developing,68.7,551531,0.505,9.4,9.073798105
Solomon Islands,2011,Developing,68.5,539614,0.497,9.4,9.026900085
Solomon Islands,2010,Developing,68.3,52779,0.492,9.3,8.953338503
Solomon Islands,2009,Developing,68.1,51679,0.494,9.3,8.906096432
Solomon Islands,2008,Developing,68,54477,0.489,9.2,8.890049459
Solomon Islands,2007,Developing,67.6,49294,0.482,9,8.842166744
Solomon Islands,2006,Developing,67.6,481422,0.47,8.4,8.790466346
Solomon Islands,2005,Developing,67.4,469885,0.465,8.3,8.742631946
Solomon Islands,2004,Developing,67.1,458324,0.459,8.1,8.670245966
Solomon Islands,2003,Developing,66.8,446769,0.453,8,8.620829787
Solomon Islands,2002,Developing,66.5,435262,0.446,7.3,8.539586332
Solomon Islands,2001,Developing,66.2,423853,0.442,6.6,8.612262977
Solomon Islands,2000,Developing,65.8,41269,0.455,7.2,8.62308658
Somalia,2015,Developing,55,,,,9.789026852
Somalia,2014,Developing,54.3,,,,9.758033315
Somalia,2013,Developing,54.2,,,,9.704397771
Somalia,2012,Developing,53.1,,,,9.639951429
Somalia,2011,Developing,53.1,,,,9.463295624
Somalia,2010,Developing,52.4,,,,9.429398081
Somalia,2009,Developing,52.2,,,,9.469615059
Somalia,2008,Developing,51.9,,,,9.771853436
Somalia,2007,Developing,51.5,,,,9.73485691
Somalia,2006,Developing,51.5,,,,9.701286706
Somalia,2005,Developing,51.6,,,,9.670547013
Somalia,2004,Developing,51.2,,,,9.586541489
Somalia,2003,Developing,51.1,,,,9.452817137
Somalia,2002,Developing,58,,,,9.340976074
Somalia,2001,Developing,57,,,,9.352731788
Somalia,2000,Developing,55,,,,9.533110514
South Africa,2015,Developing,62.9,5511976.68,0.665,13,11.53996611
South Africa,2014,Developing,62,54146734.74,0.66,13,11.5811516
South Africa,2013,Developing,69,53311955.61,0.652,12.8,11.6030209
South Africa,2012,Developing,59.2,5256515.8,0.644,12.8,11.63789036
South Africa,2011,Developing,58.9,51729345.36,0.638,12.8,11.66105461
South Africa,2010,Developing,58,5979432.36,0.63,12.8,11.6205148
South Africa,2009,Developing,56.5,5255813.11,0.622,12.8,11.51819015
South Africa,2008,Developing,55.3,49557573.3,0.616,12.9,11.49986744
South Africa,2007,Developing,54.5,48883844.99,0.612,12.9,11.5225448
South Africa,2006,Developing,54,4823384.48,0.609,12.9,11.48267164
South Africa,2005,Developing,53.8,476667.24,0.609,12.9,11.46069826
South Africa,2004,Developing,53.7,4717.99,0.611,12.9,11.40791227
South Africa,2003,Developing,54,46418193.9,0.613,12.9,11.29450803
South Africa,2002,Developing,54.9,45855482.88,0.62,12.9,11.11088438
South Africa,2001,Developing,56,45312937,0.629,13,11.13171458
South Africa,2000,Developing,57.3,44896856,0.635,13,11.18113659
South Sudan,2015,Developing,57.3,11882136,0.421,4.9,10.07910165
South Sudan,2014,Developing,56.6,1153971,0.421,4.9,10.14495425
South Sudan,2013,Developing,56.4,1117749,0.417,4.9,10.26544212
South Sudan,2012,Developing,56,1818258,0.419,4.9,10.07669403
South Sudan,2011,Developing,55.4,1448857,0.429,4.9,10.17339925
South Sudan,2010,Developing,55,167192,0,0,10.1644145
South Sudan,2009,Developing,54.3,967667,0,0,10.08747136
South Sudan,2008,Developing,53.6,9263136,0,0,10.16394375
Spain,2015,Developed,82.8,46447697,0.882,17.7,12.08140664
Spain,2014,Developed,82.6,4648882,0.877,17.6,12.13995604
Spain,2013,Developed,82.4,466245,0.874,17.5,12.13423671
Spain,2012,Developed,82,4677355,0.871,17.2,12.12417636
Spain,2011,Developed,82.1,46742697,0.867,16.9,12.17247702
Spain,2010,Developed,81.9,46576897,0.86,16.4,12.15472489
Spain,2009,Developed,81.6,46362946,0.858,16.3,12.17510214
Spain,2008,Developed,81.3,4595416,0.854,16.1,12.21381395
Spain,2007,Developed,89,4522683,0.849,16,12.16930588
Spain,2006,Developed,88,44397319,0.844,15.9,12.10100659
Spain,2005,Developed,81,43653155,0.837,15.8,12.06245696
Spain,2004,Developed,81,42921895,0.833,15.6,12.02931452
Spain,2003,Developed,79.4,42187645,0.83,15.6,11.95806825
Spain,2002,Developed,79.5,41431558,0.828,15.7,11.85060839
Spain,2001,Developed,79.4,485412,0.825,15.7,11.7978204
Spain,2000,Developed,79.1,4567864,0.82,15.7,11.77677588
Sri Lanka,2015,Developing,74.9,2966,0.764,14,10.92988006
Sri Lanka,2014,Developing,74.7,2771,0.76,14,10.91661777
Sri Lanka,2013,Developing,74.6,2585,0.757,13.8,10.88635649
Sri Lanka,2012,Developing,74.5,2425,0.752,13.7,10.84786384
Sri Lanka,2011,Developing,74.5,2271,0.746,13.6,10.83093036
Sri Lanka,2010,Developing,74.5,2119,0.739,13.5,10.7681647
Sri Lanka,2009,Developing,71.8,19968,0.735,13.4,10.62393353
Sri Lanka,2008,Developing,72.3,19817,0.731,13.3,10.60974192
Sri Lanka,2007,Developing,73.7,19668,0.725,13.2,10.50987749
Sri Lanka,2006,Developing,73.8,1952,0.718,13.1,10.45128603
Sri Lanka,2005,Developing,74.2,19373,0.712,12.9,10.38749289
Sri Lanka,2004,Developing,69.1,19228,0.705,12.8,10.31518341
Sri Lanka,2003,Developing,73.9,1983,0.697,12.7,10.2760426
Sri Lanka,2002,Developing,73.7,18939,0.699,12.6,10.21844453
Sri Lanka,2001,Developing,72.7,18797,0.686,12.5,10.19727377
Sri Lanka,2000,Developing,71.5,18655,0.677,12.4,10.22000036
Sudan,2015,Developing,64.1,3864783,0.488,7.2,10.71371527
Sudan,2014,Developing,63.8,37737913,0.485,7.2,10.69475212
Sudan,2013,Developing,63.5,36849918,0.478,7,10.63371097
Sudan,2012,Developing,63.2,3599192,0.468,6.8,10.57556792
Sudan,2011,Developing,62.7,35167314,0.463,7,10.74050928
Sudan,2010,Developing,62.5,34385963,0.461,7,10.77057941
Sudan,2009,Developing,62,3365619,0.456,6.8,10.71282678
Sudan,2008,Developing,61.8,32955496,0.444,6.3,10.81179668
Sudan,2007,Developing,61.4,32282526,0.44,6.4,10.77407982
Sudan,2006,Developing,61,316764,0.43,6.2,10.65575131
Sudan,2005,Developing,67,3911914,0.423,6.1,10.54632931
Sudan,2004,Developing,59.7,3186341,0.415,5.7,10.42563214
Sudan,2003,Developing,59.6,29435944,0.409,5.6,10.32950565
Sudan,2002,Developing,59.4,28679565,0.403,5.6,10.25856853
Sudan,2001,Developing,58.9,279455,0.399,5.6,10.19635202
Sudan,2000,Developing,58.6,2725535,0.394,5.5,10.08839479
Suriname,2015,Developing,71.6,55328,0.723,12.7,9.709798736
Suriname,2014,Developing,71.4,547928,0.722,12.7,9.719381515
Suriname,2013,Developing,71.2,54254,0.719,12.7,9.711449322
Suriname,2012,Developing,71.3,53777,0.708,12.7,9.697229343
Suriname,2011,Developing,76,531589,0.704,12.5,9.645645905
Suriname,2010,Developing,73,52613,0.7,12.3,9.640319515
Suriname,2009,Developing,70,52619,0.696,12.1,9.588317637
Suriname,2008,Developing,69.8,515148,0.691,11.9,9.548139831
Suriname,2007,Developing,69.5,5975,0.684,11.7,9.467846572
Suriname,2006,Developing,69.3,5437,0.678,11.5,9.419357635
Suriname,2005,Developing,68.9,498946,0.672,11.3,9.253679683
Suriname,2004,Developing,68.3,49363,0,11.1,9.171460982
Suriname,2003,Developing,68,488332,0,10.9,9.105234299
Suriname,2002,Developing,67.9,48344,0,11,9.038848362
Suriname,2001,Developing,67.7,47774,0,11,8.921311498
Suriname,2000,Developing,67.4,47239,0,11.1,8.976658035
Swaziland,2015,Developing,58.9,131911,0.541,11.4,9.591978771
Swaziland,2014,Developing,58.4,129597,0.541,11.4,9.631957482
Swaziland,2013,Developing,57.6,1271456,0.539,11.4,9.64966544
Swaziland,2012,Developing,56.5,1248158,0.534,11.3,9.676493611
Swaziland,2011,Developing,55,1225258,0.526,11.2,9.674209858
Swaziland,2010,Developing,53.6,122843,0.523,11,9.63955764
Swaziland,2009,Developing,52.6,118675,0.519,10.8,9.547185425
Swaziland,2008,Developing,51.4,1158897,0.514,10.6,9.509997933
Swaziland,2007,Developing,50,1138434,0.508,10.5,9.530343528
Swaziland,2006,Developing,47.8,112514,0.502,9.9,9.507222568
Swaziland,2005,Developing,46,115873,0.495,9.7,9.491073895
Swaziland,2004,Developing,45.6,19553,0.492,9.4,9.433022458
Swaziland,2003,Developing,45.9,187392,0.493,9.1,9.332364206
Swaziland,2002,Developing,46.4,1893,0.502,9.2,9.144245648
Swaziland,2001,Developing,47.1,172927,0.506,9.3,9.176921556
Swaziland,2000,Developing,48.4,161468,0.516,9.4,9.229723186
Sweden,2015,Developed,82.4,9799186,0.909,15.9,11.70035956
Sweden,2014,Developed,82.3,969611,0.906,15.8,11.76172324
Sweden,2013,Developed,81.9,96379,0.904,15.8,11.76650606
Sweden,2012,Developed,81.7,9519374,0.903,15.8,11.74015708
Sweden,2011,Developed,81.7,9449213,0.901,16,11.75628502
Sweden,2010,Developed,81.5,9378126,0.895,15.8,11.69262742
Sweden,2009,Developed,81.4,9298515,0.898,15.8,11.63780154
Sweden,2008,Developed,81.1,9219637,0.897,15.7,11.71148168
Sweden,2007,Developed,89,914892,0.895,15.8,11.69023843
Sweden,2006,Developed,88,9855,0.892,15.9,11.6258559
Sweden,2005,Developed,85,929572,0.89,16,11.59294077
Sweden,2004,Developed,83,8993531,0.888,16,11.58494767
Sweden,2003,Developed,82,8958229,0.882,15.9,11.52384065
Sweden,2002,Developed,79.9,8924958,0.88,15.9,11.42711577
Sweden,2001,Developed,79.8,889596,0.877,15.9,11.3847078
Sweden,2000,Developed,79.6,887219,0.873,15.9,11.41979647
Switzerland,2015,Developed,83.4,8282396,0.938,16,11.84143342
Switzerland,2014,Developed,83.2,8188649,0.936,15.9,11.86125822
Switzerland,2013,Developed,83,889346,0.934,15.8,11.8489492
Switzerland,2012,Developed,82.7,7996861,0.932,15.7,11.83659007
Switzerland,2011,Developed,82.6,7912398,0.932,15.6,11.85484516
Switzerland,2010,Developed,82.3,782499,0.92,15.4,11.7773188
Switzerland,2009,Developed,82.1,7743831,0.916,15.3,11.74367664
Switzerland,2008,Developed,82,7647675,0.914,15.3,11.75378811
Switzerland,2007,Developed,81.7,7551117,0.911,15.3,11.69085209
Switzerland,2006,Developed,81.5,7483934,0.904,15.2,11.64506316
Switzerland,2005,Developed,81.1,7437115,0.899,15.2,11.62147215
Switzerland,2004,Developed,81,7389625,0.895,15.1,11.60628771
Switzerland,2003,Developed,85,73391,0.889,15,11.55879864
Switzerland,2002,Developed,84,7284753,0.89,15.2,11.49038192
Switzerland,2001,Developed,82,7229854,0.888,15.2,11.45724993
Switzerland,2000,Developed,79.7,718425,0.879,15.1,11.44594035
Syrian Arab Republic,2015,Developing,64.5,18734987,0.553,9,10.21661088
Syrian Arab Republic,2014,Developing,64.4,19239,0.575,9,10.3324801
Syrian Arab Republic,2013,Developing,63.6,1989141,0.635,13,10.32962676
Syrian Arab Republic,2012,Developing,62.8,24271,0.645,12.5,10.6353864
Syrian Arab Republic,2011,Developing,71.7,2863993,0.646,12,10.82955738
Syrian Arab Republic,2010,Developing,73.7,2118834,0.65,11.7,10.78810351
Syrian Arab Republic,2009,Developing,73.8,2824893,0.648,11.8,10.73329146
Syrian Arab Republic,2008,Developing,73.8,2325443,0.651,11.6,10.72063812
Syrian Arab Republic,2007,Developing,73.8,1963286,0.644,11.5,10.60708296
Syrian Arab Republic,2006,Developing,73.7,18914977,0.636,11.4,10.5282968
Syrian Arab Republic,2005,Developing,73.5,18294611,0.624,11,10.46028076
Syrian Arab Republic,2004,Developing,73.2,1786638,0.61,10.6,10.39944787
Syrian Arab Republic,2003,Developing,73,17415266,0.599,10.3,10.33901682
Syrian Arab Republic,2002,Developing,72.8,178791,0.596,10.2,10.31532698
Syrian Arab Republic,2001,Developing,72.7,16766899,0.589,10.1,10.30614666
Syrian Arab Republic,2000,Developing,72.6,1641848,0.588,10,10.27731238
Tajikistan,2015,Developing,69.7,8548651,0.625,11.3,9.917580677
Tajikistan,2014,Developing,69.6,8362745,0.622,11.3,9.959642567
Tajikistan,2013,Developing,69.3,817789,0.617,11.2,9.92677505
Tajikistan,2012,Developing,68.8,799562,0.613,11.1,9.882697362
Tajikistan,2011,Developing,68.1,7815949,0.608,11.1,9.81443115
Tajikistan,2010,Developing,67.3,764163,0.603,11.1,9.751450101
Tajikistan,2009,Developing,66.7,7472819,0.601,11.1,9.697183326
Tajikistan,2008,Developing,66.4,739728,0.592,10.8,9.71275908
Tajikistan,2007,Developing,66.1,7152385,0.586,10.9,9.570487428
Tajikistan,2006,Developing,65.9,7557,0.579,10.7,9.451819252
Tajikistan,2005,Developing,65.5,6854176,0.572,10.6,9.36405395
Tajikistan,2004,Developing,65.9,6712841,0.563,10.5,9.317264348
Tajikistan,2003,Developing,65.2,6576877,0.553,10.1,9.191819271
Tajikistan,2002,Developing,64.3,6447688,0.543,9.8,9.086753444
Tajikistan,2001,Developing,64,6327125,0.535,9.7,9.033734306
Tajikistan,2000,Developing,63.7,621625,0.529,9.6,8.934771992
Thailand,2015,Developing,74.9,686576,0.738,13.6,11.60346509
Thailand,2014,Developing,74.6,68416772,0.737,13.6,11.60995604
Thailand,2013,Developing,74.5,6814365,0.733,13.6,11.62359416
Thailand,2012,Developing,74.3,67843979,0.729,13.7,11.59940085
Thailand,2011,Developing,74.1,675313,0.72,13.3,11.56916167
Thailand,2010,Developing,73.9,672888,0.711,13.1,11.53288779
Thailand,2009,Developing,73.7,66881867,0.706,13,11.44980324
Thailand,2008,Developing,73.5,6654576,0.7,12.9,11.46446418
Thailand,2007,Developing,73.3,66195615,0.687,12.3,11.41986099
Thailand,2006,Developing,73,65824164,0.686,12.4,11.34587988
Thailand,2005,Developing,72.5,6542547,0.682,12,11.27719284
Thailand,2004,Developing,71.6,652231,0.674,11.9,11.23778416
Thailand,2003,Developing,71.7,64554952,0.666,11.8,11.18264462
Thailand,2002,Developing,71.4,6473164,0.657,11.5,11.12807894
Thailand,2001,Developing,71.2,63543322,0.649,11.2,11.08025291
Thailand,2000,Developing,71.1,6295821,0.64,10.9,11.10172036
The former Yugoslav republic of Macedonia,2015,Developing,75.7,,0.746,12.9,10.00279307
The former Yugoslav republic of Macedonia,2014,Developing,75.5,,0.743,12.9,10.05546492
The former Yugoslav republic of Macedonia,2013,Developing,75.3,,0.741,12.9,10.03413503
The former Yugoslav republic of Macedonia,2012,Developing,75.1,,0.739,12.9,9.988793488
The former Yugoslav republic of Macedonia,2011,Developing,74.9,,0.735,12.9,10.020967
The former Yugoslav republic of Macedonia,2010,Developing,74.7,,0.732,13,9.973459007
The former Yugoslav republic of Macedonia,2009,Developing,74.4,,0.73,13,9.97320809
The former Yugoslav republic of Macedonia,2008,Developing,74.2,,0.714,12.2,9.99605404
The former Yugoslav republic of Macedonia,2007,Developing,73.5,,0.709,12.2,9.920982451
The former Yugoslav republic of Macedonia,2006,Developing,73.7,,0.703,12.1,9.836401786
The former Yugoslav republic of Macedonia,2005,Developing,73.6,,0,11.9,9.796477395
The former Yugoslav republic of Macedonia,2004,Developing,73.5,,0,11.9,9.754561185
The former Yugoslav republic of Macedonia,2003,Developing,73.2,,0,11.9,9.694280155
The former Yugoslav republic of Macedonia,2002,Developing,72.8,,0,11.9,9.604049463
The former Yugoslav republic of Macedonia,2001,Developing,73.1,,0,11.8,9.569331301
The former Yugoslav republic of Macedonia,2000,Developing,72.6,,0,11.7,9.576670579
Timor-Leste,2015,Developing,68.3,124977,0.603,12.5,9.201474245
Timor-Leste,2014,Developing,68,1212814,0.612,12.5,9.160629128
Timor-Leste,2013,Developing,67.7,1184366,0.62,12.5,9.144800611
Timor-Leste,2012,Developing,67.4,115676,0.618,12.5,9.064665742
Timor-Leste,2011,Developing,67.2,1131523,0.607,12.5,9.018090476
Timor-Leste,2010,Developing,66.9,119591,0.599,12.4,8.945423946
Timor-Leste,2009,Developing,66.6,19221,0.599,12.1,8.861497274
Timor-Leste,2008,Developing,66.2,17811,0.566,11.7,8.811925766
Timor-Leste,2007,Developing,65.8,164973,0.541,11.3,8.734636196
Timor-Leste,2006,Developing,64.9,148621,0.511,11,8.656857232
Timor-Leste,2005,Developing,63.7,126484,0.492,10.6,8.664893788
Timor-Leste,2004,Developing,62.3,996698,0.484,10.2,8.644213961
Timor-Leste,2003,Developing,61,96852,0.485,9.8,8.690585101
Timor-Leste,2002,Developing,62,923825,0.475,9.8,8.671594423
Timor-Leste,2001,Developing,59.4,892531,0.47,9.8,8.678845345
Timor-Leste,2000,Developing,58.7,87167,0,0,8.564576447
Togo,2015,Developing,59.9,741682,0.484,12,9.760079877
Togo,2014,Developing,59.7,7228915,0.475,12,9.805726083
Togo,2013,Developing,59.4,742948,0.47,12,9.779721252
Togo,2012,Developing,58.9,6859482,0.464,12,9.733481482
Togo,2011,Developing,58.3,6679282,0.457,11.5,9.734194687
Togo,2010,Developing,57.4,652952,0.449,11,9.676363136
Togo,2009,Developing,56.7,633472,0.442,10.6,9.674115707
Togo,2008,Developing,56.2,6161796,0.441,10.1,9.660756143
Togo,2007,Developing,55.9,5997385,0.443,10.6,9.575183554
Togo,2006,Developing,55.7,5837792,0.436,10.2,9.521256808
Togo,2005,Developing,55,5683268,0.435,10.1,9.50811346
Togo,2004,Developing,54.9,5534598,0.432,10,9.504003219
Togo,2003,Developing,54.7,539141,0.428,9.9,9.475378275
Togo,2002,Developing,54.7,5251472,0.428,9.7,9.382052908
Togo,2001,Developing,54.6,511177,0.426,9.4,9.32087269
Togo,2000,Developing,54.6,497367,0.425,9.3,9.323633359
Tonga,2015,Developing,73.5,16364,0.718,14.3,8.641003384
Tonga,2014,Developing,73.3,15782,0.716,14.3,8.644436362
Tonga,2013,Developing,73.2,15328,0.718,14.3,8.65493517
Tonga,2012,Developing,73,14951,0.717,14.4,8.67313428
Tonga,2011,Developing,72.9,14577,0.712,14.4,8.617151194
Tonga,2010,Developing,72.8,14137,0.707,14.4,8.564532767
Tonga,2009,Developing,72.5,1364,0.703,14.5,8.494731917
Tonga,2008,Developing,72.6,135,0.698,14.5,8.537112123
Tonga,2007,Developing,72.5,12357,0.698,14.5,8.474972885
Tonga,2006,Developing,72.4,11689,0.695,14.6,8.465728816
Tonga,2005,Developing,72.3,1141,0.694,14.6,8.418009131
Tonga,2004,Developing,72.2,146,0.693,14.6,8.363006199
Tonga,2003,Developing,72,99789,0.683,13.7,8.30588121
Tonga,2002,Developing,71.9,99184,0.679,13.5,8.261891322
Tonga,2001,Developing,71.8,98611,0.674,13.2,8.257959768
Tonga,2000,Developing,71.6,9882,0.676,13.7,8.311432762
Trinidad and Tobago,2015,Developing,71.2,13692,0.779,12.7,10.42880099
Trinidad and Tobago,2014,Developing,71.1,1354493,0.778,12.7,10.46944173
Trinidad and Tobago,2013,Developing,71,1348248,0.773,12.7,10.45576637
Trinidad and Tobago,2012,Developing,78,1341588,0.772,12.6,10.43372744
Trinidad and Tobago,2011,Developing,76,1334788,0.774,12.6,10.40539772
Trinidad and Tobago,2010,Developing,74,13281,0.772,12.5,10.345529
Trinidad and Tobago,2009,Developing,71,1321618,0.773,12.5,10.28267116
Trinidad and Tobago,2008,Developing,69.9,1315372,0.767,12.4,10.4451617
Trinidad and Tobago,2007,Developing,69.7,13926,0.76,12.4,10.33528977
Trinidad and Tobago,2006,Developing,69.6,133144,0.751,12.3,10.26409405
Trinidad and Tobago,2005,Developing,69.5,1296934,0.745,12.3,10.2036417
Trinidad and Tobago,2004,Developing,69.4,129535,0.736,12.2,10.12320762
Trinidad and Tobago,2003,Developing,69.3,128452,0.729,12,10.05328823
Trinidad and Tobago,2002,Developing,69.2,1277837,0.721,11.9,9.954642755
Trinidad and Tobago,2001,Developing,69.1,127238,0.715,11.8,9.945707292
Trinidad and Tobago,2000,Developing,69.1,1267984,0.709,11.7,9.911388928
Tunisia,2015,Developing,75.3,11273661,0.723,14.6,10.66067099
Tunisia,2014,Developing,75.1,1114398,0.722,14.7,10.70132455
Tunisia,2013,Developing,74.9,1114558,0.72,14.7,10.68739916
Tunisia,2012,Developing,74.9,1886668,0.717,14.6,10.67496582
Tunisia,2011,Developing,74.8,1761467,0.714,14.5,10.68235563
Tunisia,2010,Developing,74.8,1639931,0.71,14.4,10.66469924
Tunisia,2009,Developing,74.7,1521834,0.706,14.4,10.63804715
Tunisia,2008,Developing,74.7,147336,0.701,14.3,10.65185385
Tunisia,2007,Developing,74.6,129887,0.695,14.3,10.59012098
Tunisia,2006,Developing,74.4,1196136,0.689,14.2,10.53626374
Tunisia,2005,Developing,74.2,112482,0.683,13.9,10.50882839
Tunisia,2004,Developing,74,11761,0.673,13.6,10.49393022
Tunisia,2003,Developing,73.7,9939678,0.667,13.5,10.43860408
Tunisia,2002,Developing,73.5,9864326,0.662,13.3,10.36439369
Tunisia,2001,Developing,73.2,978571,0.654,13.1,10.34372032
Tunisia,2000,Developing,72.9,9699197,0.646,12.8,10.33190341
Turkey,2015,Developing,75.8,78271472,0.764,14.5,11.93724703
Turkey,2014,Developing,75.5,773628,0.759,14.5,11.97420921
Turkey,2013,Developing,75.2,75787333,0.754,14.4,11.98325075
Turkey,2012,Developing,74.8,74569867,0.75,14.3,11.94710401
Turkey,2011,Developing,74.5,7349455,0.737,13.8,11.92644149
Turkey,2010,Developing,74.2,72326914,0.715,13,11.89350969
Turkey,2009,Developing,73.9,71339185,0.709,12.5,11.81550765
Turkey,2008,Developing,73.5,74432,0.705,12.5,11.88953473
Turkey,2007,Developing,73.2,69597281,0.697,12.3,11.83583541
Turkey,2006,Developing,72.8,6876345,0.687,11.9,11.74793057
Turkey,2005,Developing,72.4,679346,0.681,11.9,11.70613225
Turkey,2004,Developing,72,677855,0.675,12,11.6129499
Turkey,2003,Developing,71.6,668583,0.668,11.9,11.49885191
Turkey,2002,Developing,71.2,6514354,0.658,11.5,11.38161682
Turkey,2001,Developing,78,64191474,0.653,11.1,11.30577058
Turkey,2000,Developing,74,6324121,0.641,10.7,11.43893527
Turkmenistan,2015,Developing,66.3,5565284,0.688,10.8,10.55387956
Turkmenistan,2014,Developing,66,5466241,0.683,10.8,10.6387309
Turkmenistan,2013,Developing,65.4,5366277,0.678,10.7,10.59325885
Turkmenistan,2012,Developing,65.6,5267839,0.672,10.7,10.54610087
Turkmenistan,2011,Developing,65.6,517461,0.665,10.6,10.46587834
Turkmenistan,2010,Developing,65.8,58721,0,10.6,10.35378467
Turkmenistan,2009,Developing,65.6,5795,0,10.5,10.30566055
Turkmenistan,2008,Developing,64.5,4935762,0,10.5,10.28491604
Turkmenistan,2007,Developing,64.1,487137,0,10.4,10.10257656
Turkmenistan,2006,Developing,63.7,48115,0,10.4,10.0118526
Turkmenistan,2005,Developing,63.3,4754641,0,10.3,9.90869418
Turkmenistan,2004,Developing,63.5,473398,0,10.3,9.834951394
Turkmenistan,2003,Developing,63.4,4655741,0,10.3,9.776515268
Turkmenistan,2002,Developing,63.3,4612,0,10.2,9.649532399
Turkmenistan,2001,Developing,64,45648,0,10.2,9.548361496
Turkmenistan,2000,Developing,63.8,4516131,0,0,9.463095799
Tuvalu,2013,Developing,,1819,,0,7.586766056
Uganda,2015,Developing,62.3,414487,0.488,10,10.51037319
Uganda,2014,Developing,61.5,38833338,0.483,10,10.51338272
Uganda,2013,Developing,67,37553726,0.478,10,10.46113501
Uganda,2012,Developing,60,3636796,0.477,10,10.43625675
Uganda,2011,Developing,59.3,3593648,0.477,10.7,10.44516385
Uganda,2010,Developing,58.4,33915133,0.473,10.9,10.42607905
Uganda,2009,Developing,57.5,32771895,0.464,10.8,10.40015456
Uganda,2008,Developing,56.3,31663896,0.453,10.6,10.15957935
Uganda,2007,Developing,55.5,359487,0.442,10.3,10.07564054
Uganda,2006,Developing,54.9,2955662,0.434,10.6,9.999028165
Uganda,2005,Developing,53.2,2854394,0.429,10.9,9.965635391
Uganda,2004,Developing,51.3,27568436,0.427,11.6,9.899792472
Uganda,2003,Developing,51,2662482,0.418,11.5,9.8199967
Uganda,2002,Developing,48.8,2571848,0.404,11,9.790887521
Uganda,2001,Developing,47.7,24854892,0.396,10.8,9.766450316
Uganda,2000,Developing,46.6,2439274,0.382,9.8,9.79191839
Ukraine,2015,Developing,71.3,4515429,0.748,15.3,10.95918916
Ukraine,2014,Developing,78,45271947,0.746,15.2,11.12549386
Ukraine,2013,Developing,71,454896,0.744,15.2,11.27989227
Ukraine,2012,Developing,77,455933,0.739,15.1,11.26148116
Ukraine,2011,Developing,75,45761,0.734,14.9,11.22874374
Ukraine,2010,Developing,69.8,45877,0.728,14.9,11.1498629
Ukraine,2009,Developing,69.2,46533,0.734,14.9,11.08476266
Ukraine,2008,Developing,67.7,462582,0.73,14.9,11.27441279
Ukraine,2007,Developing,67.5,465935,0.723,14.8,11.17240985
Ukraine,2006,Developing,67.7,4678775,0.716,14.7,11.04877091
Ukraine,2005,Developing,67,471515,0.707,14.5,10.95055404
Ukraine,2004,Developing,67.4,474516,0.7,14.6,10.8274995
Ukraine,2003,Developing,67.6,4781295,0.691,14.3,10.71608982
Ukraine,2002,Developing,67.6,48225,0.683,13.9,10.64301978
Ukraine,2001,Developing,67.7,48683865,0.673,13.2,10.59449841
Ukraine,2000,Developing,67.5,49175848,0.669,13.3,10.5102109
United Arab Emirates,2015,Developing,77.1,,0.836,13.3,11.58203271
United Arab Emirates,2014,Developing,76.9,,0.832,13.3,11.6283234
United Arab Emirates,2013,Developing,76.7,,0.829,13.3,11.61239459
United Arab Emirates,2012,Developing,76.5,,0.826,13.3,11.59416425
United Arab Emirates,2011,Developing,76.3,,0.824,13.3,11.56688646
United Arab Emirates,2010,Developing,76.2,,0.826,13.3,11.4881789
United Arab Emirates,2009,Developing,76,,0.831,13.2,11.40405909
United Arab Emirates,2008,Developing,75.8,,0.829,13.1,11.49896442
United Arab Emirates,2007,Developing,75.6,,0.826,12.9,11.41147851
United Arab Emirates,2006,Developing,75.4,,0.823,12.8,11.3465809
United Arab Emirates,2005,Developing,75.3,,0.818,12.6,11.25675975
United Arab Emirates,2004,Developing,75.1,,0.813,12.4,11.16974604
United Arab Emirates,2003,Developing,74.9,,0.808,12.3,11.09463307
United Arab Emirates,2002,Developing,74.7,,0.803,12.1,11.04066642
United Arab Emirates,2001,Developing,74.5,,0.798,12,11.01414926
United Arab Emirates,2000,Developing,74.2,,0.791,11.8,11.0184399
United Kingdom of Great Britain and Northern Ireland,2015,Developed,81.2,,,,12.46917081
United Kingdom of Great Britain and Northern Ireland,2014,Developed,81,,,,12.48930615
United Kingdom of Great Britain and Northern Ireland,2013,Developed,87,,,,12.44667823
United Kingdom of Great Britain and Northern Ireland,2012,Developed,86,,,,12.43452355
United Kingdom of Great Britain and Northern Ireland,2011,Developed,86,,,,12.42741957
United Kingdom of Great Britain and Northern Ireland,2010,Developed,82,,,,12.39737344
United Kingdom of Great Britain and Northern Ireland,2009,Developed,81,,,,12.38549155
United Kingdom of Great Britain and Northern Ireland,2008,Developed,79.6,,,,12.46912244
United Kingdom of Great Britain and Northern Ireland,2007,Developed,79.5,,,,12.49201962
United Kingdom of Great Britain and Northern Ireland,2006,Developed,79.3,,,,12.43449839
United Kingdom of Great Britain and Northern Ireland,2005,Developed,79,,,,12.40677205
United Kingdom of Great Britain and Northern Ireland,2004,Developed,78.8,,,,12.38556602
United Kingdom of Great Britain and Northern Ireland,2003,Developed,78.3,,,,12.31412598
United Kingdom of Great Britain and Northern Ireland,2002,Developed,78.2,,,,12.2529832
United Kingdom of Great Britain and Northern Ireland,2001,Developed,78,,,,12.21910518
United Kingdom of Great Britain and Northern Ireland,2000,Developed,77.8,,,,12.2231318
United Republic of Tanzania,2015,Developing,61.8,,,,10.67590586
United Republic of Tanzania,2014,Developing,67,,,,10.6988547
United Republic of Tanzania,2013,Developing,59.7,,,,10.65942991
United Republic of Tanzania,2012,Developing,58.6,,,,10.59824751
United Republic of Tanzania,2011,Developing,58.3,,,,10.53979272
United Republic of Tanzania,2010,Developing,57.5,,,,10.50532492
United Republic of Tanzania,2009,Developing,56.9,,,,10.4683558
United Republic of Tanzania,2008,Developing,56.2,,,,10.44634796
United Republic of Tanzania,2007,Developing,54.5,,,,10.3396588
United Republic of Tanzania,2006,Developing,53.1,,,,10.26997641
United Republic of Tanzania,2005,Developing,52.2,,,,10.26470885
United Republic of Tanzania,2004,Developing,51.5,,,,10.22201538
United Republic of Tanzania,2003,Developing,58,,,,10.18217169
United Republic of Tanzania,2002,Developing,52,,,,10.15013146
United Republic of Tanzania,2001,Developing,49.6,,,,10.13238746
United Republic of Tanzania,2000,Developing,49.2,,,,10.1261888
United States of America,2015,Developed,79.3,,,,13.26021503
United States of America,2014,Developed,79.1,,,,13.24429395
United States of America,2013,Developed,78.9,,,,13.22642437
United States of America,2012,Developed,78.8,,,,13.21095951
United States of America,2011,Developed,78.7,,,,13.19311703
United States of America,2010,Developed,78.7,,,,13.17750662
United States of America,2009,Developed,78.5,,,,13.16071052
United States of America,2008,Developed,78.2,,,,13.16937632
United States of America,2007,Developed,78.1,,,,13.16059538
United States of America,2006,Developed,77.8,,,,13.14036934
United States of America,2005,Developed,77.5,,,,13.11525092
United States of America,2004,Developed,77.5,,,,13.08697144
United States of America,2003,Developed,77.2,,,,13.05904976
United States of America,2002,Developed,77,,,,13.03858491
United States of America,2001,Developed,76.9,,,,13.02456488
United States of America,2000,Developed,76.8,,,,13.01076403
Uruguay,2015,Developing,77,3431552,0.794,15.5,10.76102772
Uruguay,2014,Developing,76.8,3419546,0.791,15.5,10.78884819
Uruguay,2013,Developing,76.8,3485,0.788,15.5,10.78772693
Uruguay,2012,Developing,76.5,3396777,0.784,15.5,10.73425775
Uruguay,2011,Developing,77,3385624,0.78,15.5,10.70193397
Uruguay,2010,Developing,76.3,3374415,0.777,15.6,10.6227357
Uruguay,2009,Developing,76.6,3362755,0.774,15.5,10.51465823
Uruguay,2008,Developing,76.4,335824,0.77,15.7,10.49303404
Uruguay,2007,Developing,75.4,3339741,0.76,15.3,10.37653632
Uruguay,2006,Developing,76.2,333143,0.756,15.2,10.2953784
Uruguay,2005,Developing,75.7,3325612,0.753,15.5,10.23962121
Uruguay,2004,Developing,75.4,332496,0.75,15.5,10.136287
Uruguay,2003,Developing,75.4,3325637,0.747,15,10.08082982
Uruguay,2002,Developing,75.4,3327773,0.746,14.7,10.13374693
Uruguay,2001,Developing,75.2,332713,0.742,14.2,10.32012055
Uruguay,2000,Developing,75.1,3321245,0.738,14,10.35837788
Uzbekistan,2015,Developing,69.4,312989,0.697,12.1,10.93548845
Uzbekistan,2014,Developing,69.2,37577,0.69,12.1,10.90765524
Uzbekistan,2013,Developing,69.1,32432,0.681,12,10.86439263
Uzbekistan,2012,Developing,68.8,297745,0.673,12,10.82941538
Uzbekistan,2011,Developing,68.5,293394,0.664,12,10.77944431
Uzbekistan,2010,Developing,68.3,285624,0.657,11.9,10.69692991
Uzbekistan,2009,Developing,68,277674,0.651,11.8,10.527491
Uzbekistan,2008,Developing,67.9,27328,0.644,11.9,10.47054924
Uzbekistan,2007,Developing,67.8,26868,0.631,11.8,10.3485267
Uzbekistan,2006,Developing,67.6,2648825,0.626,11.8,10.23881946
Uzbekistan,2005,Developing,67.3,26167,0.62,11.7,10.15556405
Uzbekistan,2004,Developing,67.8,2586435,0.613,11.6,10.08026648
Uzbekistan,2003,Developing,67.2,2556765,0.607,11.3,10.00580033
Uzbekistan,2002,Developing,67.1,2527185,0.6,11,9.986224649
Uzbekistan,2001,Developing,67.4,2496445,0.594,10.7,10.05695899
Uzbekistan,2000,Developing,67.1,24654,0,10.6,10.13863466
Vanuatu,2015,Developing,72,26463,0.598,10.8,8.880636513
Vanuatu,2014,Developing,71.7,25885,0.596,10.8,8.888582145
Vanuatu,2013,Developing,71.6,253142,0.591,10.8,8.879843614
Vanuatu,2012,Developing,71.4,247485,0.592,10.8,8.873808515
Vanuatu,2011,Developing,71.2,241871,0.591,10.8,8.886577343
Vanuatu,2010,Developing,71,236295,0.59,10.8,8.826536711
Vanuatu,2009,Developing,78,23785,0.589,10.7,8.772778004
Vanuatu,2008,Developing,75,22534,0.582,10.7,8.771402576
Vanuatu,2007,Developing,73,219953,0.579,10.7,8.712980281
Vanuatu,2006,Developing,71,214634,0.572,10.6,8.642819118
Vanuatu,2005,Developing,69.9,2937,0,10.6,8.59655579
Vanuatu,2004,Developing,69.6,24143,0,10.7,8.562289139
Vanuatu,2003,Developing,69.4,198964,0,10.4,8.497581172
Vanuatu,2002,Developing,69.3,193956,0,10.2,8.419288992
Vanuatu,2001,Developing,69.1,18929,0,10.1,8.411496608
Vanuatu,2000,Developing,69,18563,0,9.6,8.434592259
Venezuela (Bolivarian Republic of),2015,Developing,74.1,,0.769,14.3,11.09846804
Venezuela (Bolivarian Republic of),2014,Developing,73.9,,0.771,14.2,11.33181104
Venezuela (Bolivarian Republic of),2013,Developing,73.8,,0.77,14.2,11.41318347
Venezuela (Bolivarian Republic of),2012,Developing,73.7,,0.767,14.1,11.5712336
Venezuela (Bolivarian Republic of),2011,Developing,73.8,,0.756,14.1,11.50034928
Venezuela (Bolivarian Republic of),2010,Developing,73.7,,0.754,14,11.59460506
Venezuela (Bolivarian Republic of),2009,Developing,73.6,,0.754,14,11.51823436
Venezuela (Bolivarian Republic of),2008,Developing,73.2,,0.745,13.4,11.49962302
Venezuela (Bolivarian Republic of),2007,Developing,73.4,,0.728,12.9,11.36241463
Venezuela (Bolivarian Republic of),2006,Developing,73.6,,0.714,12.4,11.26358287
Venezuela (Bolivarian Republic of),2005,Developing,73.6,,0.7,11.8,11.16290326
Venezuela (Bolivarian Republic of),2004,Developing,73.3,,0.687,11.6,11.05096487
Venezuela (Bolivarian Republic of),2003,Developing,72.4,,0.688,11.6,10.92231343
Venezuela (Bolivarian Republic of),2002,Developing,73.1,,0.684,11,10.96798574
Venezuela (Bolivarian Republic of),2001,Developing,72.5,,0.672,10.4,11.08959088
Venezuela (Bolivarian Republic of),2000,Developing,72.5,,0.67,10.6,11.06872919
Viet Nam,2015,Developing,76,,0.678,12.6,11.37886706
Viet Nam,2014,Developing,75.9,,0.675,12.5,11.36819661
Viet Nam,2013,Developing,75.7,,0.668,12.3,11.32982243
Viet Nam,2012,Developing,75.6,,0.662,12.2,11.29134811
Viet Nam,2011,Developing,75.4,,0.655,12,11.23702833
Viet Nam,2010,Developing,75.2,,0.647,11.9,11.16791127
Viet Nam,2009,Developing,75,,0.641,11.7,11.02536592
Viet Nam,2008,Developing,74.9,,0.633,11.6,10.99620644
Viet Nam,2007,Developing,74.7,,0.625,11.4,10.8888219
Viet Nam,2006,Developing,74.6,,0.618,11.3,10.82198271
Viet Nam,2005,Developing,74.4,,0.609,11.1,10.76067315
Viet Nam,2004,Developing,74.2,,0.601,11,10.65732223
Viet Nam,2003,Developing,74,,0.592,10.9,10.59717408
Viet Nam,2002,Developing,73.8,,0.584,10.7,10.54486276
Viet Nam,2001,Developing,73.6,,0.576,10.6,10.51435113
Viet Nam,2000,Developing,73.4,,0.569,10.4,10.49377189
Yemen,2015,Developing,65.7,,0.499,9,10.62782132
Yemen,2014,Developing,65.4,,0.5,9,10.63577102
Yemen,2013,Developing,65.4,,0.498,9,10.60654509
Yemen,2012,Developing,64.7,,0.494,9,10.5490196
Yemen,2011,Developing,64.6,,0.493,8.6,10.51489847
Yemen,2010,Developing,64.4,,0.488,8.5,10.49005333
Yemen,2009,Developing,64.1,,0.483,8.4,10.4001973
Yemen,2008,Developing,63.8,,0.48,8.5,10.42992751
Yemen,2007,Developing,63.4,,0.477,8.6,10.33546851
Yemen,2006,Developing,63,,0.475,8.7,10.28019451
Yemen,2005,Developing,62.6,,0.47,8.6,10.22353661
Yemen,2004,Developing,62.2,,0.464,8.4,10.14200238
Yemen,2003,Developing,61.9,,0.457,8.2,10.07105432
Yemen,2002,Developing,61.5,,0.45,8,10.02911705
Yemen,2001,Developing,61.1,,0.444,7.9,9.993568073
Yemen,2000,Developing,68,,0.436,7.7,9.985844703
Zambia,2015,Developing,61.8,161587,0.576,12.5,10.3273838
Zambia,2014,Developing,61.1,1562974,0.57,12.5,10.43362622
Zambia,2013,Developing,63,1515321,0.565,12.5,10.44773525
Zambia,2012,Developing,59.2,14699937,0.554,12.3,10.4065923
Zambia,2011,Developing,58.2,14264756,0.543,12,10.37031903
Zambia,2010,Developing,58,138533,0.533,11.8,10.3067586
Zambia,2009,Developing,57.4,13456417,0.518,11.6,10.18549519
Zambia,2008,Developing,55.7,1382517,0.504,11.4,10.25311641
Zambia,2007,Developing,52.6,12725974,0.492,11.1,10.14789135
Zambia,2006,Developing,58,12383446,0.479,10.9,10.10574375
Zambia,2005,Developing,49.3,1252156,0.467,10.7,9.920742494
Zambia,2004,Developing,47.9,11731746,0.456,10.5,9.793867896
Zambia,2003,Developing,46.4,11421984,0.443,10.2,9.690361768
Zambia,2002,Developing,45.5,111249,0.433,10,9.622612939
Zambia,2001,Developing,44.6,1824125,0.424,9.8,9.612194649
Zambia,2000,Developing,43.8,1531221,0.418,9.6,9.55637875
Zimbabwe,2015,Developing,67,15777451,0.507,10.3,10.30044874
Zimbabwe,2014,Developing,59.2,15411675,0.498,10.3,10.29015709
Zimbabwe,2013,Developing,58,155456,0.488,10.4,10.28105042
Zimbabwe,2012,Developing,56.6,1471826,0.464,9.8,10.23359254
Zimbabwe,2011,Developing,54.9,14386649,0.452,10.1,10.14949623
Zimbabwe,2010,Developing,52.4,1486317,0.436,10,10.08090595
Zimbabwe,2009,Developing,50,1381599,0.419,9.9,9.985460156
Zimbabwe,2008,Developing,48.2,13558469,0.421,9.7,9.645225712
Zimbabwe,2007,Developing,46.6,1332999,0.414,9.6,9.723845459
Zimbabwe,2006,Developing,45.4,13124267,0.408,9.5,9.736137442
Zimbabwe,2005,Developing,44.6,129432,0.406,9.3,9.760290516
Zimbabwe,2004,Developing,44.3,12777511,0.407,9.2,9.764063994
Zimbabwe,2003,Developing,44.5,12633897,0.418,9.5,9.758192517
Zimbabwe,2002,Developing,44.8,125525,0.427,10,9.802448738
Zimbabwe,2001,Developing,45.3,12366165,0.427,9.8,9.831277733
Zimbabwe,2000,Developing,46,12222251,0.434,9.8,9.825637047
